OPENROAD: /OpenROAD-flow-scripts/tools/OpenROAD
mkdir -p /work/flow/results/nangate45/aes/base/
echo 2.0 > /work/flow/results/nangate45/aes/base/clock_period.txt
/OpenROAD-flow-scripts/flow/scripts/synth.sh /OpenROAD-flow-scripts/flow/scripts/synth_canonicalize.tcl /work/flow/logs/nangate45/aes/base/1_1_yosys_canonicalize.log
Using ABC speed script.
Extracting clock period from SDC file: /work/flow/results/nangate45/aes/base/clock_period.txt
Setting clock period to 2.0
1. Executing Liberty frontend: /OpenROAD-flow-scripts/flow/platforms/nangate45/lib/NangateOpenCellLibrary_typical.lib
2. Executing Liberty frontend: /OpenROAD-flow-scripts/flow/platforms/nangate45/lib/NangateOpenCellLibrary_typical.lib
3. Executing Verilog-2005 frontend: /work/inputs/rtl/aes_cipher_top.v
4. Executing Verilog-2005 frontend: /work/inputs/rtl/aes_inv_cipher_top.v
5. Executing Verilog-2005 frontend: /work/inputs/rtl/aes_inv_sbox.v
6. Executing Verilog-2005 frontend: /work/inputs/rtl/aes_key_expand_128.v
7. Executing Verilog-2005 frontend: /work/inputs/rtl/aes_rcon.v
8. Executing Verilog-2005 frontend: /work/inputs/rtl/aes_sbox.v
9. Executing Verilog-2005 frontend: /work/inputs/rtl/timescale.v
10. Executing Verilog-2005 frontend: /OpenROAD-flow-scripts/flow/platforms/nangate45/cells_clkgate.v
11. Executing HIERARCHY pass (managing design hierarchy).
12. Executing AST frontend in derive mode using pre-parsed AST for module `\aes_cipher_top'.
12.1. Analyzing design hierarchy..
12.2. Executing AST frontend in derive mode using pre-parsed AST for module `\aes_sbox'.
12.3. Executing AST frontend in derive mode using pre-parsed AST for module `\aes_key_expand_128'.
Warning: Replacing memory \w with list of registers. See /work/inputs/rtl/aes_key_expand_128.v:73
12.4. Analyzing design hierarchy..
12.5. Executing AST frontend in derive mode using pre-parsed AST for module `\aes_rcon'.
12.6. Analyzing design hierarchy..
12.7. Analyzing design hierarchy..
13. Executing OPT_CLEAN pass (remove unused cells and wires).
Warning: Ignoring module aes_cipher_top because it contains processes (run 'proc' command first).
Warning: Ignoring module aes_rcon because it contains processes (run 'proc' command first).
Warning: Ignoring module aes_key_expand_128 because it contains processes (run 'proc' command first).
Warning: Ignoring module aes_sbox because it contains processes (run 'proc' command first).
14. Executing RTLIL backend.
Warnings: 5 unique messages, 5 total
End of script. Logfile hash: 8c8dae58c6, time: 0.15s, user: 0.10s, system: 0.02s, MEM: 42.75 MB peak
Yosys 0.68+post (git sha1 UNKNOWN, Release, GNU /usr/local/bin/wrapped-cc/g++ 11.4.0)
Time spent: 65% 4x read_liberty (0 sec), 13% 1x hierarchy (0 sec), ...
Elapsed time: 0:00.15[h:]min:sec. CPU time: user 0.12 sys 0.03 (95%). Peak memory: 46848KB.
Log                       Ext     Elapsed/s Peak Memory/MB sha1sum result [0:20)
1_1_yosys_canonicalize    .rtlil          0             45 581fe7302930a6b1f0db
/OpenROAD-flow-scripts/flow/scripts/synth.sh /OpenROAD-flow-scripts/flow/scripts/synth.tcl /work/flow/logs/nangate45/aes/base/1_2_yosys.log
Using ABC speed script.
Extracting clock period from SDC file: /work/flow/results/nangate45/aes/base/clock_period.txt
Setting clock period to 2.0
1. Executing RTLIL frontend.
2. Executing HIERARCHY pass (managing design hierarchy).
2.1. Analyzing design hierarchy..
2.2. Analyzing design hierarchy..
3. Executing SYNTH pass.
3.1. Executing HIERARCHY pass (managing design hierarchy).
3.1.1. Analyzing design hierarchy..
3.1.2. Analyzing design hierarchy..
3.2. Executing PROC pass (convert processes to netlists).
3.2.1. Executing PROC_CLEAN pass (remove empty switches from decision trees).
3.2.2. Executing PROC_RMDEAD pass (remove dead branches from decision trees).
3.2.3. Executing PROC_PRUNE pass (remove redundant assignments in processes).
3.2.4. Executing PROC_INIT pass (extract init attributes).
3.2.5. Executing PROC_ARST pass (detect async resets in processes).
3.2.6. Executing PROC_ROM pass (convert switches to ROMs).
3.2.7. Executing PROC_MUX pass (convert decision trees to multiplexers).
3.2.8. Executing PROC_DLATCH pass (convert process syncs to latches).
3.2.9. Executing PROC_DFF pass (convert process syncs to FFs).
3.2.10. Executing PROC_MEMWR pass (convert process memory writes to cells).
3.2.11. Executing PROC_CLEAN pass (remove empty switches from decision trees).
3.2.12. Executing OPT_EXPR pass (perform const folding).
3.3. Executing CHECK pass (checking for obvious problems).
3.4. Executing FLATTEN pass (flatten design).
3.5. Executing OPT_EXPR pass (perform const folding).
3.6. Executing OPT_CLEAN pass (remove unused cells and wires).
3.7. Executing CHECK pass (checking for obvious problems).
3.8. Executing OPT pass (performing simple optimizations).
3.8.1. Executing OPT_EXPR pass (perform const folding).
3.8.2. Executing OPT_MERGE pass (detect identical cells).
3.8.3. Executing OPT_MUXTREE pass (detect dead branches in mux trees).
3.8.4. Executing OPT_REDUCE pass (consolidate $*mux and $reduce_* inputs).
3.8.5. Executing OPT_MERGE pass (detect identical cells).
3.8.6. Executing OPT_DFF pass (perform DFF optimizations).
3.8.7. Executing OPT_CLEAN pass (remove unused cells and wires).
3.8.8. Executing OPT_EXPR pass (perform const folding).
3.8.9. Rerunning OPT passes. (Maybe there is more to do..)
3.8.10. Executing OPT_MUXTREE pass (detect dead branches in mux trees).
3.8.11. Executing OPT_REDUCE pass (consolidate $*mux and $reduce_* inputs).
3.8.12. Executing OPT_MERGE pass (detect identical cells).
3.8.13. Executing OPT_DFF pass (perform DFF optimizations).
3.8.14. Executing OPT_CLEAN pass (remove unused cells and wires).
3.8.15. Executing OPT_EXPR pass (perform const folding).
3.8.16. Finished fast OPT passes. (There is nothing left to do.)
3.9. Executing FSM pass (extract and optimize FSM).
3.9.1. Executing FSM_DETECT pass (finding FSMs in design).
3.9.2. Executing FSM_EXTRACT pass (extracting FSM from design).
3.9.3. Executing FSM_OPT pass (simple optimizations of FSMs).
3.9.4. Executing OPT_CLEAN pass (remove unused cells and wires).
3.9.5. Executing FSM_OPT pass (simple optimizations of FSMs).
3.9.6. Executing FSM_RECODE pass (re-assigning FSM state encoding).
3.9.7. Executing FSM_INFO pass (dumping all available information on FSM cells).
3.9.8. Executing FSM_MAP pass (mapping FSMs to basic logic).
3.10. Executing OPT pass (performing simple optimizations).
3.10.1. Executing OPT_EXPR pass (perform const folding).
3.10.2. Executing OPT_MERGE pass (detect identical cells).
3.10.3. Executing OPT_MUXTREE pass (detect dead branches in mux trees).
3.10.4. Executing OPT_REDUCE pass (consolidate $*mux and $reduce_* inputs).
3.10.5. Executing OPT_MERGE pass (detect identical cells).
3.10.6. Executing OPT_DFF pass (perform DFF optimizations).
3.10.7. Executing OPT_CLEAN pass (remove unused cells and wires).
3.10.8. Executing OPT_EXPR pass (perform const folding).
3.10.9. Rerunning OPT passes. (Maybe there is more to do..)
3.10.10. Executing OPT_MUXTREE pass (detect dead branches in mux trees).
3.10.11. Executing OPT_REDUCE pass (consolidate $*mux and $reduce_* inputs).
3.10.12. Executing OPT_MERGE pass (detect identical cells).
3.10.13. Executing OPT_DFF pass (perform DFF optimizations).
3.10.14. Executing OPT_CLEAN pass (remove unused cells and wires).
3.10.15. Executing OPT_EXPR pass (perform const folding).
3.10.16. Finished fast OPT passes. (There is nothing left to do.)
3.11. Executing WREDUCE pass (reducing word size of cells).
3.12. Executing PEEPOPT pass (run peephole optimizers).
3.13. Executing OPT_CLEAN pass (remove unused cells and wires).
3.14. Executing ALUMACC pass (create $alu and $macc cells).
3.15. Executing SHARE pass (SAT-based resource sharing).
3.16. Executing OPT pass (performing simple optimizations).
3.16.1. Executing OPT_EXPR pass (perform const folding).
3.16.2. Executing OPT_MERGE pass (detect identical cells).
3.16.3. Executing OPT_MUXTREE pass (detect dead branches in mux trees).
3.16.4. Executing OPT_REDUCE pass (consolidate $*mux and $reduce_* inputs).
3.16.5. Executing OPT_MERGE pass (detect identical cells).
3.16.6. Executing OPT_DFF pass (perform DFF optimizations).
3.16.7. Executing OPT_CLEAN pass (remove unused cells and wires).
3.16.8. Executing OPT_EXPR pass (perform const folding).
3.16.9. Finished fast OPT passes. (There is nothing left to do.)
3.17. Executing MEMORY pass.
3.17.1. Executing OPT_MEM pass (optimize memories).
3.17.2. Executing OPT_MEM_PRIORITY pass (removing unnecessary memory write priority relations).
3.17.3. Executing OPT_MEM_FEEDBACK pass (finding memory read-to-write feedback paths).
3.17.4. Executing MEMORY_BMUX2ROM pass (converting muxes to ROMs).
3.17.5. Executing MEMORY_DFF pass (merging $dff cells to $memrd).
3.17.6. Executing OPT_CLEAN pass (remove unused cells and wires).
3.17.7. Executing MEMORY_SHARE pass (consolidating $memrd/$memwr cells).
3.17.8. Executing OPT_MEM_WIDEN pass (optimize memories where all ports are wide).
3.17.9. Executing OPT_CLEAN pass (remove unused cells and wires).
3.17.10. Executing MEMORY_COLLECT pass (generating $mem cells).
3.18. Executing OPT_CLEAN pass (remove unused cells and wires).
source /OpenROAD-flow-scripts/flow/scripts/synth_wrap_operators.tcl
4. Executing TECHMAP pass (map to technology primitives).
4.1. Executing Verilog-2005 frontend: /OpenROAD-flow-scripts/tools/install/yosys/bin/../share/yosys/techmap.v
4.2. Continuing TECHMAP pass.
5. Generating architectural options for $alu
5.1. Executing WRAPCELL pass. (wrap selected cells)
5.2. Executing TECHMAP pass (map to technology primitives).
5.2.1. Executing Verilog-2005 frontend: /OpenROAD-flow-scripts/tools/install/yosys/bin/../share/yosys/techmap.v
5.2.2. Executing Verilog-2005 frontend: /OpenROAD-flow-scripts/tools/install/yosys/bin/../share/yosys/choices/han-carlson.v
5.2.3. Continuing TECHMAP pass.
5.3. Executing TECHMAP pass (map to technology primitives).
5.3.1. Executing Verilog-2005 frontend: /OpenROAD-flow-scripts/tools/install/yosys/bin/../share/yosys/techmap.v
5.3.2. Executing Verilog-2005 frontend: /OpenROAD-flow-scripts/tools/install/yosys/bin/../share/yosys/choices/kogge-stone.v
5.3.3. Continuing TECHMAP pass.
5.4. Executing TECHMAP pass (map to technology primitives).
5.4.1. Executing Verilog-2005 frontend: /OpenROAD-flow-scripts/tools/install/yosys/bin/../share/yosys/techmap.v
5.4.2. Executing Verilog-2005 frontend: /OpenROAD-flow-scripts/tools/install/yosys/bin/../share/yosys/choices/sklansky.v
5.4.3. Continuing TECHMAP pass.
5.5. Executing TECHMAP pass (map to technology primitives).
5.5.1. Executing Verilog-2005 frontend: /OpenROAD-flow-scripts/tools/install/yosys/bin/../share/yosys/techmap.v
5.5.2. Continuing TECHMAP pass.
6. Generating architectural options for $macc
6.1. Executing WRAPCELL pass. (wrap selected cells)
6.2. Executing TECHMAP pass (map to technology primitives).
6.2.1. Executing Verilog-2005 frontend: /OpenROAD-flow-scripts/tools/install/yosys/bin/../share/yosys/techmap.v
6.2.2. Executing Verilog-2005 frontend: /OpenROAD-flow-scripts/flow/scripts/synth_wrap_operators-booth.v
6.2.3. Continuing TECHMAP pass.
6.3. Executing TECHMAP pass (map to technology primitives).
6.3.1. Executing Verilog-2005 frontend: /OpenROAD-flow-scripts/tools/install/yosys/bin/../share/yosys/techmap.v
6.3.2. Executing Verilog-2005 frontend: /OpenROAD-flow-scripts/tools/install/yosys/bin/../share/yosys/choices/han-carlson.v
6.3.3. Continuing TECHMAP pass.
7. Executing OPT pass (performing simple optimizations).
7.1. Executing OPT_EXPR pass (perform const folding).
7.2. Executing OPT_MERGE pass (detect identical cells).
7.3. Executing OPT_DFF pass (perform DFF optimizations).
7.4. Executing OPT_CLEAN pass (remove unused cells and wires).
7.5. Rerunning OPT passes. (Removed registers in this run.)
7.6. Executing OPT_EXPR pass (perform const folding).
7.7. Executing OPT_MERGE pass (detect identical cells).
7.8. Executing OPT_DFF pass (perform DFF optimizations).
7.9. Executing OPT_CLEAN pass (remove unused cells and wires).
7.10. Finished fast OPT passes.
8. Executing MEMORY_MAP pass (converting memories to logic and flip-flops).
9. Executing OPT pass (performing simple optimizations).
9.1. Executing OPT_EXPR pass (perform const folding).
9.2. Executing OPT_MERGE pass (detect identical cells).
9.3. Executing OPT_MUXTREE pass (detect dead branches in mux trees).
9.4. Executing OPT_REDUCE pass (consolidate $*mux and $reduce_* inputs).
9.5. Executing OPT_MERGE pass (detect identical cells).
9.6. Executing OPT_SHARE pass.
9.7. Executing OPT_DFF pass (perform DFF optimizations).
9.8. Executing OPT_CLEAN pass (remove unused cells and wires).
9.9. Executing OPT_EXPR pass (perform const folding).
9.10. Rerunning OPT passes. (Maybe there is more to do..)
9.11. Executing OPT_MUXTREE pass (detect dead branches in mux trees).
9.12. Executing OPT_REDUCE pass (consolidate $*mux and $reduce_* inputs).
9.13. Executing OPT_MERGE pass (detect identical cells).
9.14. Executing OPT_SHARE pass.
9.15. Executing OPT_DFF pass (perform DFF optimizations).
9.16. Executing OPT_CLEAN pass (remove unused cells and wires).
9.17. Executing OPT_EXPR pass (perform const folding).
9.18. Rerunning OPT passes. (Maybe there is more to do..)
9.19. Executing OPT_MUXTREE pass (detect dead branches in mux trees).
9.20. Executing OPT_REDUCE pass (consolidate $*mux and $reduce_* inputs).
9.21. Executing OPT_MERGE pass (detect identical cells).
9.22. Executing OPT_SHARE pass.
9.23. Executing OPT_DFF pass (perform DFF optimizations).
9.24. Executing OPT_CLEAN pass (remove unused cells and wires).
9.25. Executing OPT_EXPR pass (perform const folding).
9.26. Finished fast OPT passes. (There is nothing left to do.)
10. Executing TECHMAP pass (map to technology primitives).
10.1. Executing Verilog-2005 frontend: /OpenROAD-flow-scripts/tools/install/yosys/bin/../share/yosys/techmap.v
10.2. Executing Verilog-2005 frontend: /OpenROAD-flow-scripts/tools/install/yosys/bin/../share/yosys/choices/han-carlson.v
10.3. Continuing TECHMAP pass.
Warning: Latch inferred for signal `$paramod\_80_lcu_han_carlson\WIDTH=32'00000000000000000000000000000100.\j [0]' from process `$paramod\_80_lcu_han_carlson\WIDTH=32'00000000000000000000000000000100.$proc$/OpenROAD-flow-scripts/tools/install/yosys/bin/../share/yosys/choices/han-carlson.v:18$37092': $auto$proc_dlatch.cc:545:proc_dlatch$37215
Warning: Latch inferred for signal `$paramod\_80_lcu_han_carlson\WIDTH=32'00000000000000000000000000000100.\j [31:1]' from process `$paramod\_80_lcu_han_carlson\WIDTH=32'00000000000000000000000000000100.$proc$/OpenROAD-flow-scripts/tools/install/yosys/bin/../share/yosys/choices/han-carlson.v:18$37092': $auto$proc_dlatch.cc:547:proc_dlatch$37218
11. Executing OPT pass (performing simple optimizations).
11.1. Executing OPT_EXPR pass (perform const folding).
11.2. Executing OPT_MERGE pass (detect identical cells).
11.3. Executing OPT_MUXTREE pass (detect dead branches in mux trees).
11.4. Executing OPT_REDUCE pass (consolidate $*mux and $reduce_* inputs).
11.5. Executing OPT_MERGE pass (detect identical cells).
11.6. Executing OPT_DFF pass (perform DFF optimizations).
11.7. Executing OPT_CLEAN pass (remove unused cells and wires).
11.8. Executing OPT_EXPR pass (perform const folding).
11.9. Rerunning OPT passes. (Maybe there is more to do..)
11.10. Executing OPT_MUXTREE pass (detect dead branches in mux trees).
11.11. Executing OPT_REDUCE pass (consolidate $*mux and $reduce_* inputs).
11.12. Executing OPT_MERGE pass (detect identical cells).
11.13. Executing OPT_DFF pass (perform DFF optimizations).
11.14. Executing OPT_CLEAN pass (remove unused cells and wires).
11.15. Executing OPT_EXPR pass (perform const folding).
11.16. Rerunning OPT passes. (Maybe there is more to do..)
11.17. Executing OPT_MUXTREE pass (detect dead branches in mux trees).
11.18. Executing OPT_REDUCE pass (consolidate $*mux and $reduce_* inputs).
11.19. Executing OPT_MERGE pass (detect identical cells).
11.20. Executing OPT_DFF pass (perform DFF optimizations).
11.21. Executing OPT_CLEAN pass (remove unused cells and wires).
11.22. Executing OPT_EXPR pass (perform const folding).
11.23. Finished fast OPT passes. (There is nothing left to do.)
12. Executing EXTRACT_FA pass (find and extract full/half adders).
13. Executing TECHMAP pass (map to technology primitives).
13.1. Executing Verilog-2005 frontend: /OpenROAD-flow-scripts/flow/platforms/nangate45/cells_adders.v
13.2. Continuing TECHMAP pass.
14. Executing TECHMAP pass (map to technology primitives).
14.1. Executing Verilog-2005 frontend: /OpenROAD-flow-scripts/tools/install/yosys/bin/../share/yosys/techmap.v
14.2. Continuing TECHMAP pass.
15. Executing OPT pass (performing simple optimizations).
15.1. Executing OPT_EXPR pass (perform const folding).
15.2. Executing OPT_MERGE pass (detect identical cells).
15.3. Executing OPT_DFF pass (perform DFF optimizations).
15.4. Executing OPT_CLEAN pass (remove unused cells and wires).
15.5. Finished fast OPT passes.
16. Executing DFFLEGALIZE pass (convert FFs to types supported by the target).
17. Executing TECHMAP pass (map to technology primitives).
17.1. Executing Verilog-2005 frontend: /OpenROAD-flow-scripts/flow/platforms/nangate45/cells_latch.v
17.2. Continuing TECHMAP pass.
18. Executing DFFLIBMAP pass (mapping DFF cells to sequential cells from liberty file).
18.1. Executing DFFLEGALIZE pass (convert FFs to types supported by the target).
19. Executing OPT pass (performing simple optimizations).
19.1. Executing OPT_EXPR pass (perform const folding).
19.2. Executing OPT_MERGE pass (detect identical cells).
19.3. Executing OPT_MUXTREE pass (detect dead branches in mux trees).
19.4. Executing OPT_REDUCE pass (consolidate $*mux and $reduce_* inputs).
19.5. Executing OPT_MERGE pass (detect identical cells).
19.6. Executing OPT_DFF pass (perform DFF optimizations).
19.7. Executing OPT_CLEAN pass (remove unused cells and wires).
19.8. Executing OPT_EXPR pass (perform const folding).
19.9. Rerunning OPT passes. (Maybe there is more to do..)
19.10. Executing OPT_MUXTREE pass (detect dead branches in mux trees).
19.11. Executing OPT_REDUCE pass (consolidate $*mux and $reduce_* inputs).
19.12. Executing OPT_MERGE pass (detect identical cells).
19.13. Executing OPT_DFF pass (perform DFF optimizations).
19.14. Executing OPT_CLEAN pass (remove unused cells and wires).
19.15. Executing OPT_EXPR pass (perform const folding).
19.16. Finished fast OPT passes. (There is nothing left to do.)
20. Executing SETUNDEF pass (replace undef values with defined constants).
abc_new -liberty /OpenROAD-flow-scripts/flow/platforms/nangate45/lib/NangateOpenCellLibrary_typical.lib -dont_use TAPCELL_X1 -dont_use FILLCELL_X1 -dont_use AOI211_X1 -dont_use OAI211_X1 -constr /work/flow/objects/nangate45/aes/base/abc.constr -D 2.0
Warning: Feature 'abc_new' is experimental.
21. Executing ABC_NEW pass.
21.1. Executing ABC9_OPS pass (helper functions for ABC9).
21.2. Executing BOX_DERIVE pass. (derive modules for boxes)
21.3. Executing ABC9_OPS pass (helper functions for ABC9).
21.4. Executing ABC9_OPS pass (helper functions for ABC9).
21.5. Mapping module 'aes_cipher_top'.
21.5.1. Executing ABC9_OPS pass (helper functions for ABC9).
Warning: Feature 'write_xaiger2' is experimental.
21.5.2. Executing XAIGER2 backend.
21.5.3. Executing ABC9_EXE pass (technology mapping using ABC9).
21.5.4. Executing ABC9.
Warning: Feature 'read_xaiger2' is experimental.
21.5.5. Executing XAIGER2 frontend.
21.6. Executing ABC9_OPS pass (helper functions for ABC9).
Took 29 seconds: abc_new -liberty /OpenROAD-flow-scripts/flow/platforms/nangate45/lib/NangateOpenCellLibrary_typical.lib -dont_use TAPCELL_X1 -dont_use FILLCELL_X1 -dont_use AOI211_X1 -dont_use OAI211_X1 -constr /work/flow/objects/nangate45/aes/base/abc.constr -D 2.0
22. Executing SPLITNETS pass (splitting up multi-bit signals).
23. Executing OPT_CLEAN pass (remove unused cells and wires).
24. Executing HILOMAP pass (mapping to constant drivers).
25. Executing INSBUF pass (insert buffer cells for connected wires).
26. Executing CHECK pass (checking for obvious problems).
27. Printing statistics.
28. Executing CHECK pass (checking for obvious problems).
29. Executing Verilog backend.
29.1. Executing BMUXMAP pass.
29.2. Executing DEMUXMAP pass.
Warnings: 5 unique messages, 5 total
Warnings: 3 experimental features used (not excluded with -x).
End of script. Logfile hash: 3d132b8735, time: 38.87s, user: 9.44s, system: 0.24s, MEM: 70.12 MB peak
Yosys 0.68+post (git sha1 UNKNOWN, Release, GNU /usr/local/bin/wrapped-cc/g++ 11.4.0)
Time spent: 75% 1x abc9_exe (29 sec), 18% 1x extract_fa (7 sec), ...
Elapsed time: 0:38.89[h:]min:sec. CPU time: user 38.83 sys 0.30 (100%). Peak memory: 73088KB.
Log                       Ext     Elapsed/s Peak Memory/MB sha1sum result [0:20)
1_2_yosys                 .v             38             71 be43f0fc4f4275298cae
cp /work/inputs/orfs_config/constraint.sdc /work/flow/results/nangate45/aes/base/1_2_yosys.sdc
touch -r /work/inputs/orfs_config/constraint.sdc /work/flow/results/nangate45/aes/base/1_2_yosys.sdc
OpenROAD unknown 
Features included (+) or not (-): -GPU +GUI -Python
This program is licensed under the BSD-3 license. See the LICENSE file for details.
Components of this program may be licensed under more restrictive licenses which must be honored.
[INFO ORD-0030] Using 4 thread(s).
mkdir -p /work/flow/objects/nangate45/aes/base
/OpenROAD-flow-scripts/flow/scripts/flow.sh 1_synth synth_odb
Running synth_odb.tcl, stage 1_synth
read_liberty /OpenROAD-flow-scripts/flow/platforms/nangate45/lib/NangateOpenCellLibrary_typical.lib
[INFO ODB-0227] LEF file: /OpenROAD-flow-scripts/flow/platforms/nangate45/lef/NangateOpenCellLibrary.tech.lef, created 22 layers, 27 vias
[INFO ODB-0227] LEF file: /OpenROAD-flow-scripts/flow/platforms/nangate45/lef/NangateOpenCellLibrary.macro.mod.lef, created 135 library cells
link_design -hier aes_cipher_top
[WARNING ORD-0011] Hierarchical flow (-hier) is currently in development and may cause multiple issues. Do not use in production environments.
read_sdc /work/flow/results/nangate45/aes/base/1_2_yosys.sdc
source /OpenROAD-flow-scripts/flow/platforms/nangate45/setRC.tcl
eliminate_dead_logic
Removed 0 unused instances and 0 unused nets.
Design area 15351 um^2 100% utilization.
write_db /work/flow/results/nangate45/aes/base/1_synth.odb
write_sdc -no_timestamp /work/flow/results/nangate45/aes/base/1_synth.sdc
Elapsed time: 0:00.50[h:]min:sec. CPU time: user 0.44 sys 0.06 (99%). Peak memory: 124544KB.
Log                       Ext     Elapsed/s Peak Memory/MB sha1sum result [0:20)
1_synth                   .odb            0            121 7b03ed82cb13b5fb216e
1_synth                   .sdc                             573462c66ec126058b02
/OpenROAD-flow-scripts/flow/scripts/flow.sh 2_1_floorplan floorplan
Running floorplan.tcl, stage 2_1_floorplan
read_liberty /OpenROAD-flow-scripts/flow/platforms/nangate45/lib/NangateOpenCellLibrary_typical.lib
read_db -hier /work/flow/results/nangate45/aes/base/1_synth.odb
[WARNING ORD-0012] Hierarchical flow (-hier) is currently in development and may cause multiple issues. Do not use in production environments.
read_sdc /work/flow/results/nangate45/aes/base/1_synth.sdc
source /OpenROAD-flow-scripts/flow/platforms/nangate45/setRC.tcl

==========================================================================
Floorplan check_setup
--------------------------------------------------------------------------
number instances in verilog is 11406
read_def -floorplan_initialize /work/inputs/orfs_config/aes_ng45_fp.def
[INFO ODB-0127] Reading DEF file: /work/inputs/orfs_config/aes_ng45_fp.def
[INFO ODB-0128] Design: aes_cipher_top
[INFO ODB-0252]     Updated 388 pins.
[INFO ODB-0134] Finished DEF file: /work/inputs/orfs_config/aes_ng45_fp.def
source /OpenROAD-flow-scripts/flow/platforms/nangate45/make_tracks.tcl
source /OpenROAD-flow-scripts/flow/platforms/nangate45/fastroute.tcl
set_dont_use "TAPCELL_X1 FILLCELL_X1 AOI211_X1 OAI211_X1"
repair_tie_fanout -separation 0 NangateOpenCellLibrary/LOGIC0_X1/Z
repair_tie_fanout -separation 0 NangateOpenCellLibrary/LOGIC1_X1/Z
replace_arith_modules
replace_arith_modules -path_count 1000 -target setup -slack_threshold 0.0
[INFO RSZ-0151] Starting arithmetic module replacement to optimize 'setup' target
[INFO RSZ-0152] Analyzing 1000 critical paths with slack < 0.00
[INFO RSZ-0153] Identified 27 violating endpoints
[INFO RSZ-0154] Identified 0 critical arithmetic instances
repair_timing -setup_margin 0 -hold_margin 0 -repair_tns 100 -setup -skip_last_gasp -sequence unbuffer,sizeup,swap,vt_swap -verbose
[WARNING EST-0027] no estimated parasitics. Using wire load models.
[INFO RSZ-0100] Repair move sequence: UnbufferMove SizeUpMove SwapPinsMove 
[INFO RSZ-0094] Found 27 endpoints with setup violations.
[INFO RSZ-0099] Repairing 27 out of 27 (100.00%) violating endpoints...
   Iter   | Removed | Resized | Inserted | Cloned |  Pin  |   Area   |    WNS   |    TNS     |  Viol  |  Worst
          | Buffers |  Gates  | Buffers  |  Gates | Swaps |          |          |            | Endpts | Endpoint
------------------------------------------------------------------------------------------------------------------------------
       0* |       0 |       0 |        0 |      0 |     0 |    +0.0% |   -0.621 |      -13.2 |     27 | u0.u2.d\[1\]$_DFF_P_/D
       3* |       0 |       1 |        0 |      0 |     1 |    +0.0% |    0.044 |        0.0 |     27 | u0.u2.d\[1\]$_DFF_P_/D
       4* |       0 |       1 |        0 |      0 |     1 |    +0.0% |    0.044 |        0.0 |     27 | u0.u2.d\[1\]$_DFF_P_/D
       5* |       0 |       1 |        0 |      0 |     1 |    +0.0% |    0.044 |        0.0 |     27 | u0.u2.d\[1\]$_DFF_P_/D
       6* |       0 |       1 |        0 |      0 |     1 |    +0.0% |    0.044 |        0.0 |     27 | u0.u2.d\[1\]$_DFF_P_/D
       7* |       0 |       1 |        0 |      0 |     1 |    +0.0% |    0.044 |        0.0 |     27 | u0.u2.d\[1\]$_DFF_P_/D
       8* |       0 |       1 |        0 |      0 |     1 |    +0.0% |    0.044 |        0.0 |     27 | u0.u2.d\[1\]$_DFF_P_/D
       9* |       0 |       1 |        0 |      0 |     1 |    +0.0% |    0.044 |        0.0 |     27 | u0.u2.d\[1\]$_DFF_P_/D
      10* |       0 |       1 |        0 |      0 |     1 |    +0.0% |    0.044 |        0.0 |     27 | u0.u2.d\[1\]$_DFF_P_/D
      10* |       0 |       1 |        0 |      0 |     1 |    +0.0% |    0.044 |        0.0 |     27 | u0.u2.d\[1\]$_DFF_P_/D
      11* |       0 |       1 |        0 |      0 |     1 |    +0.0% |    0.044 |        0.0 |     27 | u0.u2.d\[1\]$_DFF_P_/D
      12* |       0 |       1 |        0 |      0 |     1 |    +0.0% |    0.044 |        0.0 |     27 | u0.u2.d\[1\]$_DFF_P_/D
      13* |       0 |       1 |        0 |      0 |     1 |    +0.0% |    0.044 |        0.0 |     27 | u0.u2.d\[1\]$_DFF_P_/D
      14* |       0 |       1 |        0 |      0 |     1 |    +0.0% |    0.044 |        0.0 |     27 | u0.u2.d\[1\]$_DFF_P_/D
      15* |       0 |       1 |        0 |      0 |     1 |    +0.0% |    0.044 |        0.0 |     27 | u0.u2.d\[1\]$_DFF_P_/D
      16* |       0 |       1 |        0 |      0 |     1 |    +0.0% |    0.044 |        0.0 |     27 | u0.u2.d\[1\]$_DFF_P_/D
      17* |       0 |       1 |        0 |      0 |     1 |    +0.0% |    0.044 |        0.0 |     27 | u0.u2.d\[1\]$_DFF_P_/D
      18* |       0 |       1 |        0 |      0 |     1 |    +0.0% |    0.044 |        0.0 |     27 | u0.u2.d\[1\]$_DFF_P_/D
      19* |       0 |       1 |        0 |      0 |     1 |    +0.0% |    0.044 |        0.0 |     27 | u0.u2.d\[1\]$_DFF_P_/D
      20* |       0 |       1 |        0 |      0 |     1 |    +0.0% |    0.044 |        0.0 |     27 | u0.u2.d\[1\]$_DFF_P_/D
      20* |       0 |       1 |        0 |      0 |     1 |    +0.0% |    0.044 |        0.0 |     27 | u0.u2.d\[1\]$_DFF_P_/D
      21* |       0 |       1 |        0 |      0 |     1 |    +0.0% |    0.044 |        0.0 |     27 | u0.u2.d\[1\]$_DFF_P_/D
      22* |       0 |       1 |        0 |      0 |     1 |    +0.0% |    0.044 |        0.0 |     27 | u0.u2.d\[1\]$_DFF_P_/D
      23* |       0 |       1 |        0 |      0 |     1 |    +0.0% |    0.044 |        0.0 |     27 | u0.u2.d\[1\]$_DFF_P_/D
      24* |       0 |       1 |        0 |      0 |     1 |    +0.0% |    0.044 |        0.0 |     27 | u0.u2.d\[1\]$_DFF_P_/D
      25* |       0 |       1 |        0 |      0 |     1 |    +0.0% |    0.044 |        0.0 |     27 | u0.u2.d\[1\]$_DFF_P_/D
      26* |       0 |       1 |        0 |      0 |     1 |    +0.0% |    0.044 |        0.0 |     27 | u0.u2.d\[1\]$_DFF_P_/D
      27* |       0 |       1 |        0 |      0 |     1 |    +0.0% |    0.044 |        0.0 |     27 | u0.u2.d\[1\]$_DFF_P_/D
      28* |       0 |       1 |        0 |      0 |     1 |    +0.0% |    0.044 |        0.0 |     27 | u0.u2.d\[1\]$_DFF_P_/D
      29* |       0 |       1 |        0 |      0 |     1 |    +0.0% |    0.044 |        0.0 |     27 | u0.u2.d\[1\]$_DFF_P_/D
      29* |       0 |       1 |        0 |      0 |     1 |    +0.0% |    0.044 |        0.0 |     27 | u0.u2.d\[1\]$_DFF_P_/D
    final |       0 |       1 |        0 |      0 |     1 |    +0.0% |    0.044 |        0.0 |      0 | u0.u2.d\[1\]$_DFF_P_/D
------------------------------------------------------------------------------------------------------------------------------
[INFO RSZ-0051] Resized 1 instances: 1 up, 0 up match, 0 down, 0 VT
[INFO RSZ-0043] Swapped pins on 1 instances.
[INFO RSZ-0505] Runtime: 0.23s
Default units for flow
 time 1ns
 capacitance 1fF
 resistance 1kohm
 voltage 1v
 current 1mA
 power 1nW
 distance 1um
   Layer   | Unit Resistance | Unit Capacitance 
           |       (kohm/um) |          (fF/um)
------------------------------------------------
    metal1 |        5.43e-03 |         7.42e-02
    metal2 |        3.57e-03 |         8.34e-02
    metal3 |        3.57e-03 |         1.04e-01
    metal4 |        1.50e-03 |         1.19e-01
    metal5 |        1.50e-03 |         1.09e-01
    metal6 |        1.50e-03 |         1.14e-01
    metal7 |        1.88e-04 |         1.17e-01
    metal8 |        1.88e-04 |         9.45e-02
    metal9 |        3.75e-05 |         1.06e-01
   metal10 |        3.75e-05 |         7.37e-01
------------------------------------------------

   Layer   | Via Resistance 
           |         (kohm) 
----------------------------
      via1 |       5.00e-03 
      via2 |       5.00e-03 
      via3 |       5.00e-03 
      via4 |       3.00e-03 
      via5 |       3.00e-03 
      via6 |       3.00e-03 
      via7 |       1.00e-03 
      via8 |       1.00e-03 
      via9 |       5.00e-04 
----------------------------
Report metrics stage 2, floorplan final...

==========================================================================
floorplan final report_design_area
--------------------------------------------------------------------------
Design area 15352 um^2 29% utilization.
write_db /work/flow/results/nangate45/aes/base/2_1_floorplan.odb
write_sdc -no_timestamp /work/flow/results/nangate45/aes/base/2_1_floorplan.sdc
Elapsed time: 0:02.04[h:]min:sec. CPU time: user 3.08 sys 0.17 (159%). Peak memory: 178712KB.
Log                       Ext     Elapsed/s Peak Memory/MB sha1sum result [0:20)
2_1_floorplan             .odb            2            174 0f2112174b6f0e931bdf
2_1_floorplan             .sdc                             573462c66ec126058b02
/OpenROAD-flow-scripts/flow/scripts/flow.sh 2_2_floorplan_macro macro_place
Running macro_place.tcl, stage 2_2_floorplan_macro
read_liberty /OpenROAD-flow-scripts/flow/platforms/nangate45/lib/NangateOpenCellLibrary_typical.lib
read_db -hier /work/flow/results/nangate45/aes/base/2_1_floorplan.odb
[WARNING ORD-0012] Hierarchical flow (-hier) is currently in development and may cause multiple issues. Do not use in production environments.
read_sdc /work/flow/results/nangate45/aes/base/2_1_floorplan.sdc
source /OpenROAD-flow-scripts/flow/platforms/nangate45/setRC.tcl
No macros found: Skipping macro_placement
Design area 15352 um^2 29% utilization.
write_db /work/flow/results/nangate45/aes/base/2_2_floorplan_macro.odb
Elapsed time: 0:00.35[h:]min:sec. CPU time: user 0.29 sys 0.06 (98%). Peak memory: 109952KB.
Log                       Ext     Elapsed/s Peak Memory/MB sha1sum result [0:20)
2_2_floorplan_macro       .odb            0            107 0f2112174b6f0e931bdf
/OpenROAD-flow-scripts/flow/scripts/flow.sh 2_3_floorplan_tapcell tapcell
Running tapcell.tcl, stage 2_3_floorplan_tapcell
read_liberty /OpenROAD-flow-scripts/flow/platforms/nangate45/lib/NangateOpenCellLibrary_typical.lib
read_db -hier /work/flow/results/nangate45/aes/base/2_2_floorplan_macro.odb
[WARNING ORD-0012] Hierarchical flow (-hier) is currently in development and may cause multiple issues. Do not use in production environments.
read_sdc /work/flow/results/nangate45/aes/base/2_1_floorplan.sdc
source /OpenROAD-flow-scripts/flow/platforms/nangate45/setRC.tcl
[INFO TAP-0004] Inserted 328 endcaps.
[INFO TAP-0005] Inserted 83 tapcells.
Design area 15461 um^2 29% utilization.
write_db /work/flow/results/nangate45/aes/base/2_3_floorplan_tapcell.odb
Elapsed time: 0:00.34[h:]min:sec. CPU time: user 0.28 sys 0.05 (98%). Peak memory: 109184KB.
Log                       Ext     Elapsed/s Peak Memory/MB sha1sum result [0:20)
2_3_floorplan_tapcell     .odb            0            106 37227ab16d48762fe208
/OpenROAD-flow-scripts/flow/scripts/flow.sh 2_4_floorplan_pdn pdn
Running pdn.tcl, stage 2_4_floorplan_pdn
read_liberty /OpenROAD-flow-scripts/flow/platforms/nangate45/lib/NangateOpenCellLibrary_typical.lib
read_db -hier /work/flow/results/nangate45/aes/base/2_3_floorplan_tapcell.odb
[WARNING ORD-0012] Hierarchical flow (-hier) is currently in development and may cause multiple issues. Do not use in production environments.
read_sdc /work/flow/results/nangate45/aes/base/2_1_floorplan.sdc
source /OpenROAD-flow-scripts/flow/platforms/nangate45/setRC.tcl
[WARNING PDN-1051] No instances found for grid (CORE_macro_grid_1).
[WARNING PDN-1051] No instances found for grid (CORE_macro_grid_2).
[INFO PDN-0001] Inserting grid: grid
[INFO PDN-0500] Runtime: 0.02s
Design area 15461 um^2 29% utilization.
write_db /work/flow/results/nangate45/aes/base/2_4_floorplan_pdn.odb
Elapsed time: 0:00.43[h:]min:sec. CPU time: user 0.36 sys 0.07 (99%). Peak memory: 114816KB.
Log                       Ext     Elapsed/s Peak Memory/MB sha1sum result [0:20)
2_4_floorplan_pdn         .odb            0            112 c67b756035807379815a
cp /work/flow/results/nangate45/aes/base/2_4_floorplan_pdn.odb /work/flow/results/nangate45/aes/base/2_floorplan.odb
cp /work/flow/results/nangate45/aes/base/2_1_floorplan.sdc /work/flow/results/nangate45/aes/base/2_floorplan.sdc
/OpenROAD-flow-scripts/flow/scripts/flow.sh 3_1_place_gp_skip_io global_place_skip_io
Running global_place_skip_io.tcl, stage 3_1_place_gp_skip_io
read_liberty /OpenROAD-flow-scripts/flow/platforms/nangate45/lib/NangateOpenCellLibrary_typical.lib
read_db -hier /work/flow/results/nangate45/aes/base/2_floorplan.odb
[WARNING ORD-0012] Hierarchical flow (-hier) is currently in development and may cause multiple issues. Do not use in production environments.
read_sdc /work/flow/results/nangate45/aes/base/2_floorplan.sdc
source /OpenROAD-flow-scripts/flow/platforms/nangate45/setRC.tcl
FLOORPLAN_DEF is set. Skipping global placement without IOs
Design area 15461 um^2 29% utilization.
write_db /work/flow/results/nangate45/aes/base/3_1_place_gp_skip_io.odb
Elapsed time: 0:00.34[h:]min:sec. CPU time: user 0.28 sys 0.06 (98%). Peak memory: 108928KB.
Log                       Ext     Elapsed/s Peak Memory/MB sha1sum result [0:20)
3_1_place_gp_skip_io      .odb            0            106 c67b756035807379815a
/OpenROAD-flow-scripts/flow/scripts/flow.sh 3_2_place_iop io_placement
Running io_placement.tcl, stage 3_2_place_iop
exec cp /work/flow/results/nangate45/aes/base/3_1_place_gp_skip_io.odb /work/flow/results/nangate45/aes/base/3_2_place_iop.odb
Elapsed time: 0:00.13[h:]min:sec. CPU time: user 0.08 sys 0.05 (97%). Peak memory: 79104KB.
Log                       Ext     Elapsed/s Peak Memory/MB sha1sum result [0:20)
3_2_place_iop             .odb            0             77 c67b756035807379815a
/OpenROAD-flow-scripts/flow/scripts/flow.sh 3_3_place_gp global_place
Running global_place.tcl, stage 3_3_place_gp
read_liberty /OpenROAD-flow-scripts/flow/platforms/nangate45/lib/NangateOpenCellLibrary_typical.lib
read_db -hier /work/flow/results/nangate45/aes/base/3_2_place_iop.odb
[WARNING ORD-0012] Hierarchical flow (-hier) is currently in development and may cause multiple issues. Do not use in production environments.
read_sdc /work/flow/results/nangate45/aes/base/2_floorplan.sdc
source /OpenROAD-flow-scripts/flow/platforms/nangate45/setRC.tcl
[INFO RSZ-0026] Removed 0 buffers.
Perform port buffering...
[INFO RSZ-0027] Inserted 258 BUF_X1 input buffers.
[INFO RSZ-0028] Inserted 129 BUF_X1 output buffers.
[INFO GPL-0022] Initialize gpl and calculate uniform density.
Placement density is 0.48200000286102296, computed from PLACE_DENSITY_LB_ADDON  0.20 and lower bound 0.3400000035762787
global_placement -density 0.48200000286102296 -pad_left 0 -pad_right 0 -routability_driven -timing_driven -force_center_initial_place -min_phi_coef 0.95 -max_phi_coef 1.05
[INFO GPL-0001] ---- Initialize GPL Main Data Structures
[INFO GPL-0002] DBU: 2000
[INFO GPL-0003] SiteSize: (  0.190  1.400 ) um
[INFO GPL-0004] CoreBBox: ( 10.070 11.200 ) ( 239.970 240.800 ) um
[INFO GPL-0016] Core area:                   52785.040 um^2
[INFO GPL-0036] Movable instances area:      15660.484 um^2
[INFO GPL-0037] Total instances area:        15769.810 um^2
[INFO GPL-0035] Pin density area adjust:      2172.069 um^2
[INFO GPL-0032] ---- Initialize Region: Top-level
[INFO GPL-0006] Number of instances:             12204
[INFO GPL-0007] Movable instances:               11793
[INFO GPL-0008] Fixed instances:                   411
[INFO GPL-0009] Dummy instances:                     0
[INFO GPL-0010] Number of nets:                  12618
[INFO GPL-0011] Number of pins:                  46487
[INFO GPL-0012] Die BBox:       (  0.000  0.000 ) ( 249.850 250.600 ) um
[INFO GPL-0013] Placement BBox: ( 10.070 11.200 ) ( 239.970 240.800 ) um
[INFO GPL-0014] Region name: top-level.
[INFO GPL-0015] Region area:                 52785.040 um^2
[INFO GPL-0017] Fixed instances area:          109.326 um^2
[INFO GPL-0018] Movable instances area:      17832.553 um^2
[INFO GPL-0019] Utilization:                    33.853 %
[INFO GPL-0020] Standard cells area:         17832.553 um^2
[INFO GPL-0021] Large instances area:            0.000 um^2
[INFO GPL-0005] ---- Execute Conjugate Gradient Initial Placement.
[INFO GPL-0051] Source of initial instance position counters:
	Odb location = 0	Core center = 11793	Region center = 0
[InitialPlace]  Iter: 1 conjugate gradient residual: 0.00019072 HPWL: 276172090
[InitialPlace]  Iter: 2 conjugate gradient residual: 0.00001593 HPWL: 181418693
[InitialPlace]  Iter: 3 conjugate gradient residual: 0.00003102 HPWL: 179980877
[InitialPlace]  Iter: 4 conjugate gradient residual: 0.00004859 HPWL: 179909787
[InitialPlace]  Iter: 5 conjugate gradient residual: 0.00002664 HPWL: 179484692
[InitialPlace]  Iter: 6 conjugate gradient residual: 0.00003898 HPWL: 179415353
[InitialPlace]  Iter: 7 conjugate gradient residual: 0.00001725 HPWL: 179067767
[InitialPlace]  Iter: 8 conjugate gradient residual: 0.00001848 HPWL: 178965327
[InitialPlace]  Iter: 9 conjugate gradient residual: 0.00001936 HPWL: 178661066
[InitialPlace]  Iter: 10 conjugate gradient residual: 0.00003149 HPWL: 178630546
[InitialPlace]  Iter: 11 conjugate gradient residual: 0.00001480 HPWL: 178284538
[InitialPlace]  Iter: 12 conjugate gradient residual: 0.00001943 HPWL: 178318141
[InitialPlace]  Iter: 13 conjugate gradient residual: 0.00001396 HPWL: 178065105
[InitialPlace]  Iter: 14 conjugate gradient residual: 0.00001304 HPWL: 178109791
[InitialPlace]  Iter: 15 conjugate gradient residual: 0.00001021 HPWL: 177910130
[InitialPlace]  Iter: 16 conjugate gradient residual: 0.00001092 HPWL: 178015926
[InitialPlace]  Iter: 17 conjugate gradient residual: 0.00000859 HPWL: 177833997
[INFO GPL-0033] ---- Initialize Nesterov Region: Top-level
[INFO GPL-0023] Placement target density:       0.4820
[INFO GPL-0024] Movable insts average area:      1.512 um^2
[INFO GPL-0025] Ideal bin area:                  3.137 um^2
[INFO GPL-0026] Ideal bin count:                 16825
[INFO GPL-0027] Total bin area:              52785.040 um^2
[INFO GPL-0028] Bin count (X, Y):         128 ,    128
[INFO GPL-0029] Bin size (W * H):       1.796 *  1.794 um
[INFO GPL-0030] Number of bins:                  16384
[INFO GPL-0084] ---- Execute Nesterov Global Placement.
[INFO GPL-0031] HPWL: Half-Perimeter Wirelength
Iteration | Overflow |     HPWL (um) |  HPWL(%) |   Penalty | Group
---------------------------------------------------------------
        0 |   0.9529 |  6.112089e+04 |   +0.00% |  5.60e-15 |      
       10 |   0.8136 |  7.663220e+04 |  +25.38% |  9.09e-15 |      
       20 |   0.7921 |  8.126624e+04 |   +6.05% |  1.48e-14 |      
       30 |   0.7967 |  7.953803e+04 |   -2.13% |  2.41e-14 |      
       40 |   0.7984 |  7.848899e+04 |   -1.32% |  3.92e-14 |      
       50 |   0.7961 |  7.845806e+04 |   -0.04% |  6.39e-14 |      
       60 |   0.7976 |  7.812114e+04 |   -0.43% |  1.04e-13 |      
       70 |   0.7982 |  7.772080e+04 |   -0.51% |  1.70e-13 |      
       80 |   0.7967 |  7.755402e+04 |   -0.21% |  2.76e-13 |      
       90 |   0.7953 |  7.753027e+04 |   -0.03% |  4.50e-13 |      
      100 |   0.7937 |  7.751389e+04 |   -0.02% |  7.33e-13 |      
      110 |   0.7922 |  7.751473e+04 |   +0.00% |  1.19e-12 |      
      120 |   0.7907 |  7.755335e+04 |   +0.05% |  1.94e-12 |      
      130 |   0.7902 |  7.763572e+04 |   +0.11% |  3.17e-12 |      
      140 |   0.7903 |  7.775093e+04 |   +0.15% |  5.16e-12 |      
      150 |   0.7900 |  7.791718e+04 |   +0.21% |  8.40e-12 |      
      160 |   0.7897 |  7.822769e+04 |   +0.40% |  1.37e-11 |      
      170 |   0.7878 |  7.881056e+04 |   +0.75% |  2.23e-11 |      
      180 |   0.7848 |  7.992694e+04 |   +1.42% |  3.63e-11 |      
      190 |   0.7802 |  8.137130e+04 |   +1.81% |  5.91e-11 |      
      200 |   0.7739 |  8.349729e+04 |   +2.61% |  9.62e-11 |      
      210 |   0.7618 |  8.676501e+04 |   +3.91% |  1.57e-10 |      
      220 |   0.7484 |  9.160390e+04 |   +5.58% |  2.55e-10 |      
      230 |   0.7325 |  9.592820e+04 |   +4.72% |  4.15e-10 |      
      240 |   0.7181 |  9.965113e+04 |   +3.88% |  6.75e-10 |      
      250 |   0.6976 |  1.031608e+05 |   +3.52% |  1.10e-09 |      
      260 |   0.6725 |  1.064802e+05 |   +3.22% |  1.79e-09 |      
      270 |   0.6427 |  1.101260e+05 |   +3.42% |  2.91e-09 |      
[INFO GPL-0100] Timing-driven iteration 1/2, virtual: false.
[INFO GPL-0101]    Iter: 274, overflow: 0.632, keep resizer changes at: 1, HPWL: 222506374
Iteration |   Area    | Resized | Buffers | Nets repaired | Remaining
---------------------------------------------------------------------
        0 |     +0.0% |       0 |       0 |             0 |     12618
    final |     +4.2% |     245 |     326 |           288 |         0
---------------------------------------------------------------------
[INFO RSZ-0034] Found 240 slew violations.
[INFO RSZ-0035] Found 82 fanout violations.
[INFO RSZ-0036] Found 208 capacitance violations.
[INFO RSZ-0039] Resized 245 instances.
[INFO RSZ-0038] Inserted 326 buffers in 288 nets.
   Iter   |    Area   | Removed | Inserted |   Pins
          |           | Buffers | Buffers  | Remaining
-------------------------------------------------------
        0 |     +0.0% |       0 |        0 |     12359
     1200 |     +0.0% |       0 |        0 |     11159
     2400 |     +0.0% |       0 |        0 |      9959
     3600 |     +0.0% |       0 |        0 |      8759
     4800 |     +0.0% |       0 |        0 |      7559
     6000 |     +0.0% |       0 |        0 |      6359
     7200 |     +0.0% |       0 |        0 |      5159
     8400 |     +0.0% |      17 |       25 |      3959
     9600 |     -0.8% |     223 |      237 |      2759
    10800 |     -1.3% |     309 |      323 |      1559
    12000 |     -1.3% |     309 |      323 |       359
    final |     -1.3% |     326 |      338 |         0
-------------------------------------------------------
[INFO GPL-0106] Timing-driven: worst slack 5.79907e-10
[INFO GPL-0107] Timing-driven: repair_design delta area: 475.576 um^2 (+2.67%)
[INFO GPL-0108] Timing-driven: repair_design, gpl delta gcells: 338 (+2.87%)
[INFO GPL-0109] Timing-driven: repair_design, gcells created: 664, deleted: 326
[INFO GPL-0110] Timing-driven: new target density: 0.4910284
Iteration | Overflow |     HPWL (um) |  HPWL(%) |   Penalty | Group
---------------------------------------------------------------
      280 |   0.6225 |  1.185822e+05 |   +7.68% |  4.73e-09 |      
[INFO GPL-0038] Routability snapshot saved at iter = 287
      286 |   0.5963 |  1.231773e+05 |          |           |      
      290 |   0.5779 |  1.256136e+05 |   +5.93% |  7.70e-09 |      
      300 |   0.5419 |  1.286915e+05 |   +2.45% |  1.25e-08 |      
      310 |   0.4895 |  1.342656e+05 |   +4.33% |  2.04e-08 |      
      320 |   0.4357 |  1.392031e+05 |   +3.68% |  3.32e-08 |      
      330 |   0.3658 |  1.450416e+05 |   +4.19% |  5.40e-08 |      
      340 |   0.3053 |  1.501599e+05 |   +3.53% |  8.27e-08 |      
[INFO GPL-0040] Routability iteration: 1
[INFO GPL-0088] Tiles the placer can act on: 3603 of 7569 (47.60%)
[INFO GPL-0041] Total routing overflow: 0.1845
[INFO GPL-0042] Number of overflowed tiles: 3 (0.08%)
[INFO GPL-0043] Average top 0.5% routing congestion: 0.9200
[INFO GPL-0044] Average top 1.0% routing congestion: 0.8640
[INFO GPL-0045] Average top 2.0% routing congestion: 0.8094
[INFO GPL-0046] Average top 5.0% routing congestion: 0.7436
[INFO GPL-0047] Routability iteration weighted routing congestion: 0.8920
[INFO GPL-0050] Weighted routing congestion is lower than target routing congestion(1.0100), end routability optimization.
[INFO GPL-0090] Routability finished. Target routing congestion achieved succesfully.
Iteration | Overflow |     HPWL (um) |  HPWL(%) |   Penalty | Group
---------------------------------------------------------------
      350 |   0.2695 |  1.529757e+05 |   +1.88% |  1.22e-07 |      
      360 |   0.2329 |  1.557174e+05 |   +1.79% |  1.79e-07 |      
      370 |   0.2032 |  1.574323e+05 |   +1.10% |  2.64e-07 |      
[INFO GPL-0100] Timing-driven iteration 2/2, virtual: false.
[INFO GPL-0101]    Iter: 375, overflow: 0.193, keep resizer changes at: 1, HPWL: 316167909
Iteration |   Area    | Resized | Buffers | Nets repaired | Remaining
---------------------------------------------------------------------
        0 |     +0.0% |       0 |       0 |             0 |     12956
    final |     +0.9% |       0 |      94 |            94 |         0
---------------------------------------------------------------------
[INFO RSZ-0036] Found 94 capacitance violations.
[INFO RSZ-0038] Inserted 94 buffers in 94 nets.
   Iter   |    Area   | Removed | Inserted |   Pins
          |           | Buffers | Buffers  | Remaining
-------------------------------------------------------
        0 |     +0.0% |       0 |        0 |     12359
     1200 |     +0.0% |       0 |        0 |     11159
     2400 |     +0.0% |       0 |        0 |      9959
     3600 |     +0.0% |       0 |        0 |      8759
     4800 |     +0.0% |       0 |        0 |      7559
     6000 |     -0.0% |       1 |        0 |      6359
     7200 |     -0.0% |       3 |        2 |      5159
     8400 |     -0.1% |      41 |       37 |      3959
     9600 |     -0.2% |     308 |      300 |      2759
    10800 |     -0.3% |     417 |      406 |      1559
    12000 |     -0.3% |     417 |      406 |       359
    final |     -0.3% |     432 |      419 |         0
-------------------------------------------------------
[INFO GPL-0106] Timing-driven: worst slack 6.178437e-10
[INFO GPL-0107] Timing-driven: repair_design delta area: 93.898 um^2 (+0.51%)
[INFO GPL-0108] Timing-driven: repair_design, gpl delta gcells: 81 (+0.67%)
[INFO GPL-0109] Timing-driven: repair_design, gcells created: 513, deleted: 432
[INFO GPL-0110] Timing-driven: new target density: 0.49281093
Iteration | Overflow |     HPWL (um) |  HPWL(%) |   Penalty | Group
---------------------------------------------------------------
      380 |   0.1856 |  1.622935e+05 |   +3.09% |  3.88e-07 |      
      390 |   0.1610 |  1.627762e+05 |   +0.30% |  5.72e-07 |      
      400 |   0.1397 |  1.630726e+05 |   +0.18% |  8.43e-07 |      
      410 |   0.1212 |  1.633750e+05 |   +0.19% |  1.24e-06 |      
      420 |   0.1045 |  1.638030e+05 |   +0.26% |  1.83e-06 |      
      423 |   0.0999 |  1.639337e+05 |          |  2.13e-06 |      
---------------------------------------------------------------
[INFO GPL-1001] Global placement finished at iteration 423
[INFO GPL-1017] Routability mode iteration count: 55
[INFO GPL-1005] Routability final weighted congestion: 0.7206
[INFO GPL-1002] Placed Cell Area            18402.0269
[INFO GPL-1003] Available Free Area         52675.7140
[INFO GPL-1004] Minimum Feasible Density        0.3400 (cell_area / free_area)
[INFO GPL-1006]   Suggested Target Densities:
[INFO GPL-1007]     - For 90% usage of free space: 0.3882
[INFO GPL-1008]     - For 80% usage of free space: 0.4367
[INFO GPL-1009]     - For 50% usage of free space: 0.6987
[INFO GPL-1011] Original area (um^2): 17832.55
[INFO GPL-1012] Total routability artificial inflation: 0.00 (+0.00%)
[INFO GPL-1013] Total timing-driven delta area: 569.47 (+3.19%)
[INFO GPL-1014] Final placement area: 18402.03 (+3.19%)
[INFO GPL-1018] Final HPWL (um): 164069.27
Took 13 seconds: global_placement -density 0.48200000286102296 -pad_left 0 -pad_right 0 -routability_driven -timing_driven -force_center_initial_place -min_phi_coef 0.95 -max_phi_coef 1.05
estimate_parasitics -placement
Report metrics stage 3, global place...

==========================================================================
global place report_design_area
--------------------------------------------------------------------------
Design area 16316 um^2 31% utilization.
write_db /work/flow/results/nangate45/aes/base/3_3_place_gp.odb
Elapsed time: 0:15.37[h:]min:sec. CPU time: user 22.88 sys 1.22 (156%). Peak memory: 493084KB.
Log                       Ext     Elapsed/s Peak Memory/MB sha1sum result [0:20)
3_3_place_gp              .odb           15            481 45faa1bd85c9f52298fd
/OpenROAD-flow-scripts/flow/scripts/flow.sh 3_4_place_resized resize
Running resize.tcl, stage 3_4_place_resized
read_liberty /OpenROAD-flow-scripts/flow/platforms/nangate45/lib/NangateOpenCellLibrary_typical.lib
read_db -hier /work/flow/results/nangate45/aes/base/3_3_place_gp.odb
[WARNING ORD-0012] Hierarchical flow (-hier) is currently in development and may cause multiple issues. Do not use in production environments.
read_sdc /work/flow/results/nangate45/aes/base/2_floorplan.sdc
source /OpenROAD-flow-scripts/flow/platforms/nangate45/setRC.tcl
estimate_parasitics -placement
replace_arith_modules
replace_arith_modules -path_count 1000 -target setup -slack_threshold 0.0
[INFO RSZ-0151] Starting arithmetic module replacement to optimize 'setup' target
[INFO RSZ-0152] Analyzing 1000 critical paths with slack < 0.00
[INFO RSZ-0153] Identified 0 violating endpoints
[INFO RSZ-0154] Identified 0 critical arithmetic instances
global_placement -incremental
[INFO GPL-0083] Execute incremental mode global placement.
[INFO GPL-0001] ---- Initialize GPL Main Data Structures
[INFO GPL-0002] DBU: 2000
[INFO GPL-0003] SiteSize: (  0.190  1.400 ) um
[INFO GPL-0004] CoreBBox: ( 10.070 11.200 ) ( 239.970 240.800 ) um
[INFO GPL-0016] Core area:                   52785.040 um^2
[INFO GPL-0036] Movable instances area:      16207.114 um^2
[INFO GPL-0037] Total instances area:        16316.440 um^2
[INFO GPL-0035] Pin density area adjust:      2363.517 um^2
[INFO GPL-0032] ---- Initialize Region: Top-level
[INFO GPL-0006] Number of instances:             12623
[INFO GPL-0007] Movable instances:               12212
[INFO GPL-0008] Fixed instances:                   411
[INFO GPL-0009] Dummy instances:                     0
[INFO GPL-0010] Number of nets:                  13037
[INFO GPL-0011] Number of pins:                  47325
[INFO GPL-0012] Die BBox:       (  0.000  0.000 ) ( 249.850 250.600 ) um
[INFO GPL-0013] Placement BBox: ( 10.070 11.200 ) ( 239.970 240.800 ) um
[INFO GPL-0014] Region name: top-level.
[INFO GPL-0015] Region area:                 52785.040 um^2
[INFO GPL-0017] Fixed instances area:          109.326 um^2
[INFO GPL-0018] Movable instances area:      18570.631 um^2
[INFO GPL-0019] Utilization:                    35.255 %
[INFO GPL-0020] Standard cells area:         18570.631 um^2
[INFO GPL-0021] Large instances area:            0.000 um^2
[INFO GPL-0154] Identified 12212 placed instances
[INFO GPL-0155] Identified 0 not placed instances
[INFO GPL-0156] Identified all instances as placed. Skipping incremental mode
Perform buffer insertion and gate resizing...
repair_design -verbose
Iteration |   Area    | Resized | Buffers | Nets repaired | Remaining
---------------------------------------------------------------------
        0 |     +0.0% |       0 |       0 |             0 |     13037
     1000 |     +0.0% |       0 |       0 |             0 |     12037
     2000 |     +0.0% |       0 |       0 |             0 |     11037
     3000 |     +0.0% |       0 |       0 |             0 |     10037
     4000 |     +0.0% |       0 |       0 |             0 |      9037
     5000 |     +0.0% |       0 |       0 |             0 |      8037
     6000 |     +0.0% |       0 |       0 |             0 |      7037
     7000 |     +0.0% |       0 |       0 |             0 |      6037
     8000 |     +0.0% |       0 |       2 |             2 |      5037
     9000 |     +0.1% |       0 |       7 |             7 |      4037
    10000 |     +0.2% |       0 |      19 |            19 |      3037
    11000 |     +0.3% |       0 |      26 |            26 |      2037
    12000 |     +0.3% |       0 |      26 |            26 |      1037
    13000 |     +0.3% |       0 |      26 |            26 |        37
    final |     +0.3% |       0 |      26 |            26 |         0
---------------------------------------------------------------------
[INFO RSZ-0036] Found 26 capacitance violations.
[INFO RSZ-0038] Inserted 26 buffers in 26 nets.
[INFO RSZ-0504] Runtime: 0.89s
Floating nets: 
Report metrics stage 3, resizer...

==========================================================================
resizer report_design_area
--------------------------------------------------------------------------
Design area 16359 um^2 31% utilization.
Instance count before 12623, after 12649
Pin count before 46937, after 46989
write_db /work/flow/results/nangate45/aes/base/3_4_place_resized.odb
Elapsed time: 0:04.63[h:]min:sec. CPU time: user 6.06 sys 0.25 (136%). Peak memory: 202152KB.
Log                       Ext     Elapsed/s Peak Memory/MB sha1sum result [0:20)
3_4_place_resized         .odb            4            197 6b6fe78ece867d37932b
/OpenROAD-flow-scripts/flow/scripts/flow.sh 3_5_place_dp detail_place
Running detail_place.tcl, stage 3_5_place_dp
read_liberty /OpenROAD-flow-scripts/flow/platforms/nangate45/lib/NangateOpenCellLibrary_typical.lib
read_db -hier /work/flow/results/nangate45/aes/base/3_4_place_resized.odb
[WARNING ORD-0012] Hierarchical flow (-hier) is currently in development and may cause multiple issues. Do not use in production environments.
read_sdc /work/flow/results/nangate45/aes/base/2_floorplan.sdc
source /OpenROAD-flow-scripts/flow/platforms/nangate45/setRC.tcl
detailed_placement
[INFO DPL-0006] Core area: 52785.04 um^2
[INFO DPL-0007] Movable instances area: 16249.41 um^2
[INFO DPL-0008] Fixed instances area within core: 109.33 um^2
[INFO DPL-0009] Utilization: 31.0%
[INFO DPL-0005] Diamond search max displacement: +/- 500 sites horizontally, +/- 100 rows vertically.
[INFO DPL-1102] Legalizing using negotiation legalizer.
[INFO DPL-1103] Negotiation base search window: +/-20 sites horizontally, +/-5 rows vertically 
	Automatic search window extension enabled.
	Search window extendable up to the max displacement cap of +/-500 sites, +/-100 rows near walls.
[INFO DPL-1104] NegotiationLegalizer DRC penalty: 5.
[INFO DPL-0392] Negotiation cell height distribution (1 unique row-count(s)):
[INFO DPL-0393]   height 1 row(s): 12649 cells
          |      Total |  Illegal |  Illegal
Iteration | Violations |    Cells |    Sites
---------------------------------------------
        0 |        599 |       243 |       356
        1 |          0 |         0 |         0
Negotiation phase 1 converged at iteration 1.
[INFO DPL-0500] Runtime: 0.10s
Detailed Placement Analysis
---------------------------------
legalizer            negotiation
total moves               12347
total displacement      13746.2 u
average displacement        1.1 u
max displacement            3.7 u
original HPWL          164490.8 u
legalized HPWL         168429.1 u
delta HPWL                    2 %

improve_placement -max_displacement "5 1"
Detailed placement improvement.
[INFO DPL-0401] Setting random seed to 1.
[INFO DPL-0402] Setting maximum displacement 5 1 to 14000 2800 units.
[INFO DPL-0320] Collected 799 fixed cells.
[INFO DPL-0318] Collected 12238 single height cells.
[INFO DPL-0321] Collected 0 wide cells.
[INFO DPL-0322] Image (20140, 22400) - (479940, 481600)
[INFO DPL-0310] Assigned 12238 cells into segments.  Movement in X-direction is 0.000000, movement in Y-direction is 0.000000.
[INFO DPL-0313] Found 0 cells in wrong regions.
[INFO DPL-0315] Found 0 row alignment problems.
[INFO DPL-0314] Found 0 site alignment problems.
[INFO DPL-0311] Found 0 overlaps between adjacent cells.
[INFO DPL-0312] Found 0 edge spacing violations and 0 padding violations.
[INFO DPL-0303] Running algorithm for independent set matching.
[INFO DPL-0300] Set matching objective is wirelength.
[INFO DPL-0301] Pass   1 of matching; objective is 3.361733e+08.
[INFO DPL-0302] End of matching; objective is 3.361302e+08, improvement is 0.01 percent.
[INFO DPL-0303] Running algorithm for global swaps.
[INFO DPL-0306] Pass   1 of global swaps; hpwl is 3.301187e+08.
[INFO DPL-0306] Pass   2 of global swaps; hpwl is 3.275485e+08.
[INFO DPL-0307] End of global swaps; objective is 3.275485e+08, improvement is 2.55 percent.
[INFO DPL-0303] Running algorithm for vertical swaps.
[INFO DPL-0308] Pass   1 of vertical swaps; hpwl is 3.263056e+08.
[INFO DPL-0309] End of vertical swaps; objective is 3.263056e+08, improvement is 0.38 percent.
[INFO DPL-0303] Running algorithm for reordering.
[INFO DPL-0304] Pass   1 of reordering; objective is 3.255101e+08.
[INFO DPL-0305] End of reordering; objective is 3.255101e+08, improvement is 0.24 percent.
[INFO DPL-0303] Running algorithm for random improvement.
[INFO DPL-0324] Random improver is using random generator.
[INFO DPL-0325] Random improver is using hpwl objective.
[INFO DPL-0326] Random improver cost string is (a).
[INFO DPL-0332] End of pass, Generator random called 244760 times.
[INFO DPL-0335] Generator random, Cumulative attempts 244760, swaps 25500, moves 93977 since last reset.
[INFO DPL-0333] End of pass, Objective hpwl, Initial cost 3.245837e+08, Scratch cost 3.181261e+08, Incremental cost 3.181261e+08, Mismatch? N
[INFO DPL-0338] End of pass, Total cost is 3.181261e+08.
[INFO DPL-0327] Pass   1 of random improver; improvement in cost is 1.99 percent.
[INFO DPL-0332] End of pass, Generator random called 244760 times.
[INFO DPL-0335] Generator random, Cumulative attempts 489520, swaps 50542, moves 184715 since last reset.
[INFO DPL-0333] End of pass, Objective hpwl, Initial cost 3.181261e+08, Scratch cost 3.140982e+08, Incremental cost 3.140982e+08, Mismatch? N
[INFO DPL-0338] End of pass, Total cost is 3.140982e+08.
[INFO DPL-0327] Pass   2 of random improver; improvement in cost is 1.27 percent.
[INFO DPL-0332] End of pass, Generator random called 244760 times.
[INFO DPL-0335] Generator random, Cumulative attempts 734280, swaps 75858, moves 272353 since last reset.
[INFO DPL-0333] End of pass, Objective hpwl, Initial cost 3.140982e+08, Scratch cost 3.113763e+08, Incremental cost 3.113763e+08, Mismatch? N
[INFO DPL-0338] End of pass, Total cost is 3.113763e+08.
[INFO DPL-0327] Pass   3 of random improver; improvement in cost is 0.87 percent.
[INFO DPL-0328] End of random improver; improvement is 4.069038 percent.
[INFO DPL-0380] Cell flipping.
[INFO DPL-0382] Changed 0 cell orientations for row compatibility.
[INFO DPL-0383] Performed 3615 cell flips.
[INFO DPL-0384] End of flipping; objective is 3.084524e+08, improvement is 1.23 percent.
[INFO DPL-0313] Found 0 cells in wrong regions.
[INFO DPL-0315] Found 0 row alignment problems.
[INFO DPL-0314] Found 0 site alignment problems.
[INFO DPL-0311] Found 0 overlaps between adjacent cells.
[INFO DPL-0312] Found 0 edge spacing violations and 0 padding violations.
Place Optimization Analysis
---------------------------------
total attempts          1468560
relocated cells            9886
total displacement      28207.6 u
average displacement        2.9 u
max displacement            8.2 u
original HPWL          168429.1 u
improved HPWL          154589.8 u
delta HPWL                   -8 %

optimize_mirroring
[INFO DPL-0020] Mirrored 1283 instances
[INFO DPL-0021] HPWL before          154589.8 u
[INFO DPL-0022] HPWL after           154543.7 u
[INFO DPL-0023] HPWL delta               -0.0 %
[INFO FLW-0012] Placement violations .
estimate_parasitics -placement
Report metrics stage 3, detailed place...

==========================================================================
detailed place report_design_area
--------------------------------------------------------------------------
Design area 16359 um^2 31% utilization.
write_db /work/flow/results/nangate45/aes/base/3_5_place_dp.odb
write_sdc -no_timestamp /work/flow/results/nangate45/aes/base/3_place.sdc
Elapsed time: 0:07.50[h:]min:sec. CPU time: user 8.82 sys 0.23 (120%). Peak memory: 193024KB.
Log                       Ext     Elapsed/s Peak Memory/MB sha1sum result [0:20)
3_5_place_dp              .odb            7            188 781388922484cf313c18
cp /work/flow/results/nangate45/aes/base/3_5_place_dp.odb /work/flow/results/nangate45/aes/base/3_place.odb
/OpenROAD-flow-scripts/flow/scripts/flow.sh 4_1_cts cts
Running cts.tcl, stage 4_1_cts
read_liberty /OpenROAD-flow-scripts/flow/platforms/nangate45/lib/NangateOpenCellLibrary_typical.lib
read_db -hier /work/flow/results/nangate45/aes/base/3_place.odb
[WARNING ORD-0012] Hierarchical flow (-hier) is currently in development and may cause multiple issues. Do not use in production environments.
read_sdc /work/flow/results/nangate45/aes/base/3_place.sdc
source /OpenROAD-flow-scripts/flow/platforms/nangate45/setRC.tcl
clock_tree_synthesis -sink_clustering_enable -repair_clock_nets
[INFO CTS-0050] Root buffer is CLKBUF_X3.
[INFO CTS-0051] Sink buffer is CLKBUF_X3.
[INFO CTS-0052] The following clock buffers will be used for CTS:
                    CLKBUF_X3
[INFO CTS-0049] Characterization buffer is CLKBUF_X3.
[INFO CTS-0007] Net "clk" found for clock "clk".
[INFO CTS-0010]  Clock net "clk" has 562 sinks.
[INFO CTS-0008] TritonCTS found 1 clock nets.
[INFO CTS-0097] Characterization used 1 buffer(s) types.
[INFO CTS-0201] 0 blockages from hard placement blockages and placed macros will be used.
[INFO CTS-0027] Generating H-Tree topology for net clk.
[INFO CTS-0028]  Total number of sinks: 562.
[INFO CTS-0090]  Sinks will be clustered based on buffer max cap.
[INFO CTS-0030]  Number of static layers: 0.
[INFO CTS-0020]  Wire segment unit: 14000  dbu (7 um).
[INFO CTS-0206] Best clustering solution was found from max clustering size of 9 and max clustering diameter of 88.
[INFO CTS-0019]  Total number of sinks after clustering: 97.
[INFO CTS-0024]  Normalized sink region: [(2.42476, 2.19786), (33.4923, 33.1919)].
[INFO CTS-0025]     Width:  31.0676.
[INFO CTS-0026]     Height: 30.9940.
 Level 1
    Direction: Horizontal
    Sinks per sub-region: 49
    Sub-region size: 15.5338 X 30.9940
[INFO CTS-0034]     Segment length (rounded): 8.
 Level 2
    Direction: Vertical
    Sinks per sub-region: 25
    Sub-region size: 15.5338 X 15.4970
[INFO CTS-0034]     Segment length (rounded): 8.
 Level 3
    Direction: Horizontal
    Sinks per sub-region: 13
    Sub-region size: 7.7669 X 15.4970
[INFO CTS-0034]     Segment length (rounded): 4.
[INFO CTS-0038]  Stop criterion found. Sink region hpwl is smaller than max wirelength (591.189 um) and max number of sinks is 15.
[INFO CTS-0035]  Number of sinks covered: 97.
[INFO CTS-0018]     Created 106 clock buffers.
[INFO CTS-0012]     Minimum number of buffers in the clock path: 3.
[INFO CTS-0013]     Maximum number of buffers in the clock path: 3.
[INFO CTS-0015]     Created 106 clock nets.
[INFO CTS-0016]     Fanout distribution for the current clock = 2:1, 3:5, 4:19, 5:11, 6:23, 7:29, 8:9, 9:1, 10:2, 11:1, 12:1, 14:1, 16:2..
[INFO CTS-0017]     Max level of the clock tree: 3.
[INFO CTS-0098] Clock net "clk"
[INFO CTS-0099]  Sinks 649
[INFO CTS-0100]  Leaf buffers 97
[INFO CTS-0101]  Average sink wire length 339.10 um
[INFO CTS-0102]  Path depth 2 - 3
[INFO CTS-0207]  Dummy loads inserted 87
[INFO CTS-0500] Runtime: 1.37s
estimate_parasitics -placement
detailed_placement
[INFO DPL-0006] Core area: 52785.04 um^2
[INFO DPL-0007] Movable instances area: 16456.09 um^2
[INFO DPL-0008] Fixed instances area within core: 109.33 um^2
[INFO DPL-0009] Utilization: 31.4%
[INFO DPL-0005] Diamond search max displacement: +/- 500 sites horizontally, +/- 100 rows vertically.
[INFO DPL-1102] Legalizing using negotiation legalizer.
[INFO DPL-1103] Negotiation base search window: +/-20 sites horizontally, +/-5 rows vertically 
	Automatic search window extension enabled.
	Search window extendable up to the max displacement cap of +/-500 sites, +/-100 rows near walls.
[INFO DPL-1104] NegotiationLegalizer DRC penalty: 5.
[INFO DPL-0392] Negotiation cell height distribution (1 unique row-count(s)):
[INFO DPL-0393]   height 1 row(s): 12842 cells
          |      Total |  Illegal |  Illegal
Iteration | Violations |    Cells |    Sites
---------------------------------------------
        0 |        120 |        34 |        86
        1 |          0 |         0 |         0
Negotiation phase 1 converged at iteration 1.
[INFO DPL-0500] Runtime: 0.06s
Detailed Placement Analysis
---------------------------------
legalizer            negotiation
total moves                3116
total displacement       4594.1 u
average displacement        0.4 u
max displacement            6.4 u
original HPWL          157936.4 u
legalized HPWL         159930.2 u
delta HPWL                    1 %

estimate_parasitics -placement
repair_timing -setup_margin 0 -hold_margin 0 -repair_tns 100 -verbose
[INFO RSZ-0100] Repair move sequence: UnbufferMove SizeUpMove SwapPinsMove BufferMove CloneMove SplitLoadMove 
[INFO RSZ-0098] No setup violations found
[INFO RSZ-0505] Runtime: 0.41s
[INFO RSZ-0033] No hold violations found.
[INFO RSZ-0506] Runtime: 0.07s
Repair timing output passed lec test
detailed_placement
[INFO DPL-0006] Core area: 52785.04 um^2
[INFO DPL-0007] Movable instances area: 16456.09 um^2
[INFO DPL-0008] Fixed instances area within core: 109.33 um^2
[INFO DPL-0009] Utilization: 31.4%
[INFO DPL-0005] Diamond search max displacement: +/- 500 sites horizontally, +/- 100 rows vertically.
[INFO DPL-1102] Legalizing using negotiation legalizer.
[INFO DPL-1103] Negotiation base search window: +/-20 sites horizontally, +/-5 rows vertically 
	Automatic search window extension enabled.
	Search window extendable up to the max displacement cap of +/-500 sites, +/-100 rows near walls.
[INFO DPL-1104] NegotiationLegalizer DRC penalty: 5.
[INFO DPL-0392] Negotiation cell height distribution (1 unique row-count(s)):
[INFO DPL-0393]   height 1 row(s): 12842 cells
[INFO DPL-0500] Runtime: 0.05s
Detailed Placement Analysis
---------------------------------
legalizer            negotiation
total moves                   0
total displacement          0.0 u
average displacement        0.0 u
max displacement            0.0 u
original HPWL          159930.2 u
legalized HPWL         159930.2 u
delta HPWL                    0 %

estimate_parasitics -placement
Report metrics stage 4, cts final...

==========================================================================
cts final report_design_area
--------------------------------------------------------------------------
Design area 16565 um^2 31% utilization.
write_db /work/flow/results/nangate45/aes/base/4_1_cts.odb
write_sdc -no_timestamp /work/flow/results/nangate45/aes/base/4_cts.sdc
Elapsed time: 0:08.01[h:]min:sec. CPU time: user 11.15 sys 0.58 (146%). Peak memory: 319492KB.
Log                       Ext     Elapsed/s Peak Memory/MB sha1sum result [0:20)
4_1_cts                   .odb            8            312 ba78b3a5110868fafa06
cp /work/flow/results/nangate45/aes/base/4_1_cts.odb /work/flow/results/nangate45/aes/base/4_cts.odb
/OpenROAD-flow-scripts/flow/scripts/flow.sh 5_1_grt global_route
Running global_route.tcl, stage 5_1_grt
read_liberty /OpenROAD-flow-scripts/flow/platforms/nangate45/lib/NangateOpenCellLibrary_typical.lib
read_db -hier /work/flow/results/nangate45/aes/base/4_cts.odb
[WARNING ORD-0012] Hierarchical flow (-hier) is currently in development and may cause multiple issues. Do not use in production environments.
read_sdc /work/flow/results/nangate45/aes/base/4_cts.sdc
source /OpenROAD-flow-scripts/flow/platforms/nangate45/setRC.tcl
pin_access
[INFO DRT-0149] Reading tech and libs.

Units:                2000
Number of layers:     21
Number of macros:     135
Number of vias:       33
Number of viarulegen: 19

[INFO DRT-0150] Reading design.

Design:                   aes_cipher_top
Die area:                 ( 0 0 ) ( 499700 501200 )
Number of track patterns: 40
Number of DEF vias:       0
Number of components:     12842
Number of terminals:      390
Number of snets:          2
Number of nets:           13169

[INFO DRT-0167] List of default vias:
  Layer via2
    default via: via2_5
  Layer via3
    default via: via3_2
  Layer via4
    default via: via4_0
  Layer via5
    default via: via5_0
  Layer via6
    default via: via6_0
  Layer via7
    default via: via7_0
  Layer via8
    default via: via8_0
  Layer via9
    default via: via9_0
[INFO DRT-0162] Library cell analysis.
[INFO DRT-0163] Instance analysis.
[INFO DRT-0164] Number of unique instances = 81.
[INFO DRT-0168] Init region query.
[INFO DRT-0024]   Complete active.
[INFO DRT-0024]   Complete Fr_VIA.
[INFO DRT-0024]   Complete metal1.
[INFO DRT-0024]   Complete via1.
[INFO DRT-0024]   Complete metal2.
[INFO DRT-0024]   Complete via2.
[INFO DRT-0024]   Complete metal3.
[INFO DRT-0024]   Complete via3.
[INFO DRT-0024]   Complete metal4.
[INFO DRT-0024]   Complete via4.
[INFO DRT-0024]   Complete metal5.
[INFO DRT-0024]   Complete via5.
[INFO DRT-0024]   Complete metal6.
[INFO DRT-0024]   Complete via6.
[INFO DRT-0024]   Complete metal7.
[INFO DRT-0024]   Complete via7.
[INFO DRT-0024]   Complete metal8.
[INFO DRT-0024]   Complete via8.
[INFO DRT-0024]   Complete metal9.
[INFO DRT-0024]   Complete via9.
[INFO DRT-0024]   Complete metal10.
[INFO DRT-0033] active shape region query size = 0.
[INFO DRT-0033] FR_VIA shape region query size = 0.
[INFO DRT-0033] metal1 shape region query size = 200795.
[INFO DRT-0033] via1 shape region query size = 2229.
[INFO DRT-0033] metal2 shape region query size = 1655.
[INFO DRT-0033] via2 shape region query size = 2229.
[INFO DRT-0033] metal3 shape region query size = 1705.
[INFO DRT-0033] via3 shape region query size = 2229.
[INFO DRT-0033] metal4 shape region query size = 824.
[INFO DRT-0033] via4 shape region query size = 720.
[INFO DRT-0033] metal5 shape region query size = 144.
[INFO DRT-0033] via5 shape region query size = 720.
[INFO DRT-0033] metal6 shape region query size = 144.
[INFO DRT-0033] via6 shape region query size = 288.
[INFO DRT-0033] metal7 shape region query size = 104.
[INFO DRT-0033] via7 shape region query size = 0.
[INFO DRT-0033] metal8 shape region query size = 0.
[INFO DRT-0033] via8 shape region query size = 0.
[INFO DRT-0033] metal9 shape region query size = 0.
[INFO DRT-0033] via9 shape region query size = 0.
[INFO DRT-0033] metal10 shape region query size = 0.
[INFO DRT-0165] Start pin access.
[INFO DRT-0078]   Complete 460 pins.
[INFO DRT-0081]   Complete 81 unique inst patterns.
[INFO DRT-0084]   Complete 7357 groups.
#scanned instances     = 12842
#unique  instances     = 81
#stdCellGenAp          = 2241
#stdCellValidPlanarAp  = 0
#stdCellValidViaAp     = 1720
#stdCellPinNoAp        = 0
#stdCellPinCnt         = 47288
#instTermValidViaApCnt = 0
#macroGenAp            = 0
#macroValidPlanarAp    = 0
#macroValidViaAp       = 0
#macroNoAp             = 0
[INFO DRT-0166] Complete pin access.
[INFO DRT-0267] cpu time = 00:00:37, elapsed time = 00:00:09, memory = 142.64 (MB), peak = 142.00 (MB)
Took 10 seconds: pin_access
global_route -congestion_report_file /work/flow/reports/nangate45/aes/base/congestion.rpt -congestion_iterations 30 -congestion_report_iter_step 5 -verbose
[INFO GRT-0020] Min routing layer: metal2
[INFO GRT-0021] Max routing layer: metal10
[INFO GRT-0022] Global adjustment: 0%
[INFO GRT-0023] Grid origin: (0, 0)
[INFO GRT-0088] Layer metal1  Track-Pitch = 0.1400  line-2-Via Pitch: 0.1350
[INFO GRT-0088] Layer metal2  Track-Pitch = 0.1900  line-2-Via Pitch: 0.1400
[INFO GRT-0088] Layer metal3  Track-Pitch = 0.1400  line-2-Via Pitch: 0.1400
[INFO GRT-0088] Layer metal4  Track-Pitch = 0.2800  line-2-Via Pitch: 0.2800
[INFO GRT-0088] Layer metal5  Track-Pitch = 0.2800  line-2-Via Pitch: 0.2800
[INFO GRT-0088] Layer metal6  Track-Pitch = 0.2800  line-2-Via Pitch: 0.2800
[INFO GRT-0088] Layer metal7  Track-Pitch = 0.7975  line-2-Via Pitch: 0.8000
[INFO GRT-0088] Layer metal8  Track-Pitch = 0.7975  line-2-Via Pitch: 0.8000
[INFO GRT-0088] Layer metal9  Track-Pitch = 1.5900  line-2-Via Pitch: 1.6000
[INFO GRT-0088] Layer metal10 Track-Pitch = 1.5900  line-2-Via Pitch: 1.6000
[INFO GRT-0003] Macros: 0
[INFO GRT-0004] Blockages: 0
[INFO GRT-0019] Found 107 clock nets.
[INFO GRT-0001] Minimum degree: 2
[INFO GRT-0002] Maximum degree: 51

[INFO GRT-0053] Routing resources analysis:
          Routing      Original      Derated      Resource
Layer     Direction    Resources     Resources    Reduction (%)
---------------------------------------------------------------
metal1     Horizontal          0             0          0.00%
metal2     Vertical       110740         51994          53.05%
metal3     Horizontal     153162         75099          50.97%
metal4     Vertical        75172         53208          29.22%
metal5     Horizontal      76592         54062          29.42%
metal6     Vertical        76555         54079          29.36%
metal7     Horizontal      23926         16925          29.26%
metal8     Vertical        26918         19350          28.12%
metal9     Horizontal      13502          7482          44.59%
metal10    Vertical        13502          7482          44.59%
---------------------------------------------------------------

[INFO GRT-0197] Via related to pin nodes: 87380
[INFO GRT-0198] Via related Steiner nodes: 2138
[INFO GRT-0199] Via filling finished.
[INFO GRT-0111] Final number of vias: 111498
[INFO GRT-0112] Final usage 3D: 404863

[INFO GRT-0096] Final congestion report:
Layer         Resource        Demand        Usage (%)    Max H / Max V / Total Congestion
---------------------------------------------------------------------------------------
metal1               0             0            0.00%             0 /  0 /  0
metal2           51994         22471           43.22%             0 /  0 /  0
metal3           75099         28214           37.57%             0 /  0 /  0
metal4           53208         11054           20.78%             0 /  0 /  0
metal5           54062          6358           11.76%             0 /  0 /  0
metal6           54079          2120            3.92%             0 /  0 /  0
metal7           16925           123            0.73%             0 /  0 /  0
metal8           19350             0            0.00%             0 /  0 /  0
metal9            7482            29            0.39%             0 /  0 /  0
metal10           7482             0            0.00%             0 /  0 /  0
---------------------------------------------------------------------------------------
Total           339681         70369           20.72%             0 /  0 /  0

[INFO GRT-0018] Total wirelength: 304308 um
[INFO GRT-0014] Routed nets: 12612
[INFO GRT-0303] Global routing runtime = 00:00:00
[WARNING STA-0450] virtual clock vclk_clk can not be propagated.
estimate_parasitics -global_routing
global_route -start_incremental
global_route -end_incremental -congestion_report_file /work/flow/reports/nangate45/aes/base/congestion_post_recover_power.rpt
Repair antennas...
[WARNING GRT-0246] No diode with LEF class CORE ANTENNACELL found.
[INFO ANT-0002] Found 0 net violations.
[INFO ANT-0001] Found 0 pin violations.
Estimate parasitics...
estimate_parasitics -global_routing
Report metrics stage 5, global route...

==========================================================================
global route report_design_area
--------------------------------------------------------------------------
Design area 16565 um^2 31% utilization.
[INFO FLW-0007] clock clk period 2.000000
[WARNING FLW-0010] more than one clock found. Skipping sdc update.
[INFO FLW-0011] Path endpoint path count 1335
write_db /work/flow/results/nangate45/aes/base/5_1_grt.odb
write_sdc -no_timestamp /work/flow/results/nangate45/aes/base/5_1_grt.sdc
Elapsed time: 0:17.58[h:]min:sec. CPU time: user 54.58 sys 0.43 (312%). Peak memory: 432000KB.
Log                       Ext     Elapsed/s Peak Memory/MB sha1sum result [0:20)
5_1_grt                   .odb           17            421 e6d48db1ac542d418d6b
5_1_grt                   .sdc                             a1b0a5186e0800bc1b7a
/OpenROAD-flow-scripts/flow/scripts/flow.sh 5_2_route detail_route
Running detail_route.tcl, stage 5_2_route
read_liberty /OpenROAD-flow-scripts/flow/platforms/nangate45/lib/NangateOpenCellLibrary_typical.lib
read_db -hier /work/flow/results/nangate45/aes/base/5_1_grt.odb
[WARNING ORD-0012] Hierarchical flow (-hier) is currently in development and may cause multiple issues. Do not use in production environments.
read_sdc /work/flow/results/nangate45/aes/base/5_1_grt.sdc
source /OpenROAD-flow-scripts/flow/platforms/nangate45/setRC.tcl
[WARNING STA-0450] virtual clock vclk_clk can not be propagated.
detailed_route -output_drc /work/flow/reports/nangate45/aes/base/5_route_drc.rpt -output_maze /work/flow/results/nangate45/aes/base/maze.log -droute_end_iter 64 -verbose 1 -drc_report_iter_step 5
[INFO DRT-0149] Reading tech and libs.

Units:                2000
Number of layers:     21
Number of macros:     135
Number of vias:       33
Number of viarulegen: 19

[INFO DRT-0150] Reading design.

Design:                   aes_cipher_top
Die area:                 ( 0 0 ) ( 499700 501200 )
Number of track patterns: 40
Number of DEF vias:       0
Number of components:     12842
Number of terminals:      390
Number of snets:          2
Number of nets:           13169

[INFO DRT-0167] List of default vias:
  Layer via2
    default via: via2_5
  Layer via3
    default via: via3_2
  Layer via4
    default via: via4_0
  Layer via5
    default via: via5_0
  Layer via6
    default via: via6_0
  Layer via7
    default via: via7_0
  Layer via8
    default via: via8_0
  Layer via9
    default via: via9_0
[INFO DRT-0162] Library cell analysis.
[INFO DRT-0163] Instance analysis.
[INFO DRT-0164] Number of unique instances = 81.
[INFO DRT-0168] Init region query.
[INFO DRT-0024]   Complete active.
[INFO DRT-0024]   Complete Fr_VIA.
[INFO DRT-0024]   Complete metal1.
[INFO DRT-0024]   Complete via1.
[INFO DRT-0024]   Complete metal2.
[INFO DRT-0024]   Complete via2.
[INFO DRT-0024]   Complete metal3.
[INFO DRT-0024]   Complete via3.
[INFO DRT-0024]   Complete metal4.
[INFO DRT-0024]   Complete via4.
[INFO DRT-0024]   Complete metal5.
[INFO DRT-0024]   Complete via5.
[INFO DRT-0024]   Complete metal6.
[INFO DRT-0024]   Complete via6.
[INFO DRT-0024]   Complete metal7.
[INFO DRT-0024]   Complete via7.
[INFO DRT-0024]   Complete metal8.
[INFO DRT-0024]   Complete via8.
[INFO DRT-0024]   Complete metal9.
[INFO DRT-0024]   Complete via9.
[INFO DRT-0024]   Complete metal10.
[INFO DRT-0033] active shape region query size = 0.
[INFO DRT-0033] FR_VIA shape region query size = 0.
[INFO DRT-0033] metal1 shape region query size = 200795.
[INFO DRT-0033] via1 shape region query size = 2229.
[INFO DRT-0033] metal2 shape region query size = 1655.
[INFO DRT-0033] via2 shape region query size = 2229.
[INFO DRT-0033] metal3 shape region query size = 1705.
[INFO DRT-0033] via3 shape region query size = 2229.
[INFO DRT-0033] metal4 shape region query size = 824.
[INFO DRT-0033] via4 shape region query size = 720.
[INFO DRT-0033] metal5 shape region query size = 144.
[INFO DRT-0033] via5 shape region query size = 720.
[INFO DRT-0033] metal6 shape region query size = 144.
[INFO DRT-0033] via6 shape region query size = 288.
[INFO DRT-0033] metal7 shape region query size = 104.
[INFO DRT-0033] via7 shape region query size = 0.
[INFO DRT-0033] metal8 shape region query size = 0.
[INFO DRT-0033] via8 shape region query size = 0.
[INFO DRT-0033] metal9 shape region query size = 0.
[INFO DRT-0033] via9 shape region query size = 0.
[INFO DRT-0033] metal10 shape region query size = 0.
[INFO DRT-0165] Start pin access.
[INFO DRT-0078]   Complete 460 pins.
[INFO DRT-0081]   Complete 81 unique inst patterns.
[INFO DRT-0084]   Complete 7357 groups.
#scanned instances     = 12842
#unique  instances     = 81
#stdCellGenAp          = 2241
#stdCellValidPlanarAp  = 0
#stdCellValidViaAp     = 1720
#stdCellPinNoAp        = 0
#stdCellPinCnt         = 47288
#instTermValidViaApCnt = 0
#macroGenAp            = 0
#macroValidPlanarAp    = 0
#macroValidViaAp       = 0
#macroNoAp             = 0
[INFO DRT-0166] Complete pin access.
[INFO DRT-0267] cpu time = 00:00:38, elapsed time = 00:00:09, memory = 320.99 (MB), peak = 320.62 (MB)
[INFO DRT-0156] guideIn read 100000 guides.

[INFO DRT-0157] Number of guides:     118808

[INFO DRT-0169] Post process guides.
[INFO DRT-0176] GCELLGRID X 0 DO 87 STEP 5700 ;
[INFO DRT-0177] GCELLGRID Y 0 DO 87 STEP 5700 ;
[INFO DRT-0026]   Complete 100000 origin guides.
[INFO DRT-0028]   Complete active.
[INFO DRT-0028]   Complete Fr_VIA.
[INFO DRT-0028]   Complete metal1.
[INFO DRT-0028]   Complete via1.
[INFO DRT-0028]   Complete metal2.
[INFO DRT-0028]   Complete via2.
[INFO DRT-0028]   Complete metal3.
[INFO DRT-0028]   Complete via3.
[INFO DRT-0028]   Complete metal4.
[INFO DRT-0028]   Complete via4.
[INFO DRT-0028]   Complete metal5.
[INFO DRT-0028]   Complete via5.
[INFO DRT-0028]   Complete metal6.
[INFO DRT-0028]   Complete via6.
[INFO DRT-0028]   Complete metal7.
[INFO DRT-0028]   Complete via7.
[INFO DRT-0028]   Complete metal8.
[INFO DRT-0028]   Complete via8.
[INFO DRT-0028]   Complete metal9.
[INFO DRT-0028]   Complete via9.
[INFO DRT-0028]   Complete metal10.
[INFO DRT-0178] Init guide query.
[INFO DRT-0035]   Complete active (guide).
[INFO DRT-0035]   Complete Fr_VIA (guide).
[INFO DRT-0035]   Complete metal1 (guide).
[INFO DRT-0035]   Complete via1 (guide).
[INFO DRT-0035]   Complete metal2 (guide).
[INFO DRT-0035]   Complete via2 (guide).
[INFO DRT-0035]   Complete metal3 (guide).
[INFO DRT-0035]   Complete via3 (guide).
[INFO DRT-0035]   Complete metal4 (guide).
[INFO DRT-0035]   Complete via4 (guide).
[INFO DRT-0035]   Complete metal5 (guide).
[INFO DRT-0035]   Complete via5 (guide).
[INFO DRT-0035]   Complete metal6 (guide).
[INFO DRT-0035]   Complete via6 (guide).
[INFO DRT-0035]   Complete metal7 (guide).
[INFO DRT-0035]   Complete via7 (guide).
[INFO DRT-0035]   Complete metal8 (guide).
[INFO DRT-0035]   Complete via8 (guide).
[INFO DRT-0035]   Complete metal9 (guide).
[INFO DRT-0035]   Complete via9 (guide).
[INFO DRT-0035]   Complete metal10 (guide).
[INFO DRT-0036] active guide region query size = 0.
[INFO DRT-0036] FR_VIA guide region query size = 0.
[INFO DRT-0036] metal1 guide region query size = 39172.
[INFO DRT-0036] via1 guide region query size = 0.
[INFO DRT-0036] metal2 guide region query size = 34472.
[INFO DRT-0036] via2 guide region query size = 0.
[INFO DRT-0036] metal3 guide region query size = 20260.
[INFO DRT-0036] via3 guide region query size = 0.
[INFO DRT-0036] metal4 guide region query size = 4399.
[INFO DRT-0036] via4 guide region query size = 0.
[INFO DRT-0036] metal5 guide region query size = 1218.
[INFO DRT-0036] via5 guide region query size = 0.
[INFO DRT-0036] metal6 guide region query size = 191.
[INFO DRT-0036] via6 guide region query size = 0.
[INFO DRT-0036] metal7 guide region query size = 10.
[INFO DRT-0036] via7 guide region query size = 0.
[INFO DRT-0036] metal8 guide region query size = 2.
[INFO DRT-0036] via8 guide region query size = 0.
[INFO DRT-0036] metal9 guide region query size = 1.
[INFO DRT-0036] via9 guide region query size = 0.
[INFO DRT-0036] metal10 guide region query size = 0.
[INFO DRT-0179] Init gr pin query.
[INFO DRT-0267] cpu time = 00:00:00, elapsed time = 00:00:00, memory = 363.09 (MB), peak = 362.62 (MB)
[INFO DRT-0245] skipped writing guide updates to database.
[INFO DRT-0181] Start track assignment.
[INFO DRT-0184] Done with 39064 vertical wires in 2 frboxes and 60661 horizontal wires in 2 frboxes.
[INFO DRT-0186] Done with 15834 vertical wires in 2 frboxes and 17391 horizontal wires in 2 frboxes.
[INFO DRT-0182] Complete track assignment.
[INFO DRT-0267] cpu time = 00:00:06, elapsed time = 00:00:03, memory = 527.15 (MB), peak = 526.67 (MB)
[INFO DRT-0187] Start routing data preparation.
[INFO DRT-0267] cpu time = 00:00:00, elapsed time = 00:00:00, memory = 527.21 (MB), peak = 526.67 (MB)
[INFO DRT-0194] Start detail routing.
[INFO DRT-0195] Start 0th optimization iteration.
    Completing 10% with 0 violations.
    elapsed time = 00:00:03, memory = 614.06 (MB).
    Completing 20% with 0 violations.
    elapsed time = 00:00:07, memory = 638.41 (MB).
    Completing 30% with 1031 violations.
    elapsed time = 00:00:16, memory = 688.16 (MB).
    Completing 40% with 1031 violations.
    elapsed time = 00:00:21, memory = 739.98 (MB).
    Completing 50% with 1031 violations.
    elapsed time = 00:00:28, memory = 732.34 (MB).
    Completing 60% with 2144 violations.
    elapsed time = 00:00:40, memory = 739.59 (MB).
    Completing 70% with 2144 violations.
    elapsed time = 00:00:46, memory = 757.23 (MB).
    Completing 80% with 3138 violations.
    elapsed time = 00:00:53, memory = 751.59 (MB).
    Completing 90% with 3138 violations.
    elapsed time = 00:01:01, memory = 762.50 (MB).
    Completing 100% with 4176 violations.
    elapsed time = 00:01:06, memory = 699.23 (MB).
[INFO DRT-0199]   Number of violations = 6031.
Viol/Layer      metal1   via1 metal2   via2 metal3   via3 metal4   via4 metal5
Cut Spacing          0      0      0     17      0      0      0      4      0
Metal Spacing        0      0    394      0     62      0      1      0      0
Recheck              5      0   1143      0    648      0     47      0     12
Short                0      1   3140      7    536      1     13      0      0
[INFO DRT-0267] cpu time = 00:03:54, elapsed time = 00:01:07, memory = 740.38 (MB), peak = 1038.66 (MB)
Total wire length = 210320 um.
Total wire length on LAYER metal1 = 0 um.
Total wire length on LAYER metal2 = 71150 um.
Total wire length on LAYER metal3 = 87136 um.
Total wire length on LAYER metal4 = 29485 um.
Total wire length on LAYER metal5 = 16222 um.
Total wire length on LAYER metal6 = 5917 um.
Total wire length on LAYER metal7 = 328 um.
Total wire length on LAYER metal8 = 0 um.
Total wire length on LAYER metal9 = 80 um.
Total wire length on LAYER metal10 = 0 um.
Total number of vias = 106797.
Up-via summary (total 106797):

-----------------
 active         0
 metal1     47060
 metal2     50926
 metal3      6576
 metal4      1869
 metal5       348
 metal6        14
 metal7         2
 metal8         2
 metal9         0
-----------------
       106797


[INFO DRT-0195] Start 1st optimization iteration.
    Completing 10% with 6031 violations.
    elapsed time = 00:00:04, memory = 826.85 (MB).
    Completing 20% with 6031 violations.
    elapsed time = 00:00:08, memory = 827.32 (MB).
    Completing 30% with 4911 violations.
    elapsed time = 00:00:17, memory = 715.10 (MB).
    Completing 40% with 4911 violations.
    elapsed time = 00:00:22, memory = 783.46 (MB).
    Completing 50% with 4911 violations.
    elapsed time = 00:00:27, memory = 773.54 (MB).
    Completing 60% with 3878 violations.
    elapsed time = 00:00:37, memory = 769.84 (MB).
    Completing 70% with 3878 violations.
    elapsed time = 00:00:43, memory = 806.02 (MB).
    Completing 80% with 3242 violations.
    elapsed time = 00:00:48, memory = 768.84 (MB).
    Completing 90% with 3242 violations.
    elapsed time = 00:00:54, memory = 802.23 (MB).
    Completing 100% with 2503 violations.
    elapsed time = 00:01:05, memory = 704.70 (MB).
[INFO DRT-0199]   Number of violations = 2503.
Viol/Layer      metal2   via2 metal3 metal4
Cut Spacing          0      5      0      0
Metal Spacing      405      0     22     13
Short             1857      0    193      8
[INFO DRT-0267] cpu time = 00:03:44, elapsed time = 00:01:06, memory = 706.05 (MB), peak = 1041.44 (MB)
Total wire length = 208507 um.
Total wire length on LAYER metal1 = 0 um.
Total wire length on LAYER metal2 = 70182 um.
Total wire length on LAYER metal3 = 86449 um.
Total wire length on LAYER metal4 = 29451 um.
Total wire length on LAYER metal5 = 16117 um.
Total wire length on LAYER metal6 = 5897 um.
Total wire length on LAYER metal7 = 329 um.
Total wire length on LAYER metal8 = 0 um.
Total wire length on LAYER metal9 = 80 um.
Total wire length on LAYER metal10 = 0 um.
Total number of vias = 105960.
Up-via summary (total 105960):

-----------------
 active         0
 metal1     47068
 metal2     50182
 metal3      6536
 metal4      1812
 metal5       344
 metal6        14
 metal7         2
 metal8         2
 metal9         0
-----------------
       105960


[INFO DRT-0195] Start 2nd optimization iteration.
    Completing 10% with 2503 violations.
    elapsed time = 00:00:02, memory = 818.51 (MB).
    Completing 20% with 2503 violations.
    elapsed time = 00:00:07, memory = 826.59 (MB).
    Completing 30% with 2427 violations.
    elapsed time = 00:00:13, memory = 714.08 (MB).
    Completing 40% with 2427 violations.
    elapsed time = 00:00:21, memory = 790.03 (MB).
    Completing 50% with 2427 violations.
    elapsed time = 00:00:30, memory = 712.40 (MB).
    Completing 60% with 2447 violations.
    elapsed time = 00:00:34, memory = 800.32 (MB).
    Completing 70% with 2447 violations.
    elapsed time = 00:00:38, memory = 798.87 (MB).
    Completing 80% with 2261 violations.
    elapsed time = 00:00:44, memory = 779.13 (MB).
    Completing 90% with 2261 violations.
    elapsed time = 00:00:49, memory = 801.80 (MB).
    Completing 100% with 2180 violations.
    elapsed time = 00:00:59, memory = 724.47 (MB).
[INFO DRT-0199]   Number of violations = 2180.
Viol/Layer        via1 metal2   via2 metal3   via4
Cut Spacing          3      0      9      0      1
Metal Spacing        0    369      0     21      0
Short                0   1618      0    159      0
[INFO DRT-0267] cpu time = 00:03:27, elapsed time = 00:01:00, memory = 731.87 (MB), peak = 1041.44 (MB)
Total wire length = 208149 um.
Total wire length on LAYER metal1 = 0 um.
Total wire length on LAYER metal2 = 69952 um.
Total wire length on LAYER metal3 = 86400 um.
Total wire length on LAYER metal4 = 29410 um.
Total wire length on LAYER metal5 = 16107 um.
Total wire length on LAYER metal6 = 5866 um.
Total wire length on LAYER metal7 = 330 um.
Total wire length on LAYER metal8 = 0 um.
Total wire length on LAYER metal9 = 82 um.
Total wire length on LAYER metal10 = 0 um.
Total number of vias = 105811.
Up-via summary (total 105811):

-----------------
 active         0
 metal1     47072
 metal2     50061
 metal3      6523
 metal4      1793
 metal5       344
 metal6        14
 metal7         2
 metal8         2
 metal9         0
-----------------
       105811


[INFO DRT-0195] Start 3rd optimization iteration.
    Completing 10% with 2180 violations.
    elapsed time = 00:00:01, memory = 829.13 (MB).
    Completing 20% with 2180 violations.
    elapsed time = 00:00:02, memory = 859.13 (MB).
    Completing 30% with 1609 violations.
    elapsed time = 00:00:06, memory = 759.96 (MB).
    Completing 40% with 1609 violations.
    elapsed time = 00:00:08, memory = 856.61 (MB).
    Completing 50% with 1609 violations.
    elapsed time = 00:00:10, memory = 846.24 (MB).
    Completing 60% with 1101 violations.
    elapsed time = 00:00:16, memory = 766.20 (MB).
    Completing 70% with 1101 violations.
    elapsed time = 00:00:18, memory = 807.66 (MB).
    Completing 80% with 583 violations.
    elapsed time = 00:00:21, memory = 784.39 (MB).
    Completing 90% with 583 violations.
    elapsed time = 00:00:24, memory = 845.12 (MB).
    Completing 100% with 107 violations.
    elapsed time = 00:00:27, memory = 750.52 (MB).
[INFO DRT-0199]   Number of violations = 109.
Viol/Layer      metal2   via2 metal3
Cut Spacing          0      1      0
Metal Spacing       10      0      2
Recheck              2      0      0
Short               84      0     10
[INFO DRT-0267] cpu time = 00:01:35, elapsed time = 00:00:28, memory = 749.48 (MB), peak = 1044.79 (MB)
Total wire length = 207928 um.
Total wire length on LAYER metal1 = 0 um.
Total wire length on LAYER metal2 = 66790 um.
Total wire length on LAYER metal3 = 86813 um.
Total wire length on LAYER metal4 = 31974 um.
Total wire length on LAYER metal5 = 16087 um.
Total wire length on LAYER metal6 = 5850 um.
Total wire length on LAYER metal7 = 330 um.
Total wire length on LAYER metal8 = 0 um.
Total wire length on LAYER metal9 = 82 um.
Total wire length on LAYER metal10 = 0 um.
Total number of vias = 107648.
Up-via summary (total 107648):

-----------------
 active         0
 metal1     47067
 metal2     50607
 metal3      7799
 metal4      1809
 metal5       348
 metal6        14
 metal7         2
 metal8         2
 metal9         0
-----------------
       107648


[INFO DRT-0195] Start 4th optimization iteration.
    Completing 10% with 109 violations.
    elapsed time = 00:00:00, memory = 749.48 (MB).
    Completing 20% with 109 violations.
    elapsed time = 00:00:00, memory = 801.06 (MB).
    Completing 30% with 76 violations.
    elapsed time = 00:00:00, memory = 795.06 (MB).
    Completing 40% with 76 violations.
    elapsed time = 00:00:00, memory = 795.06 (MB).
    Completing 50% with 76 violations.
    elapsed time = 00:00:00, memory = 795.06 (MB).
    Completing 60% with 60 violations.
    elapsed time = 00:00:01, memory = 794.06 (MB).
    Completing 70% with 60 violations.
    elapsed time = 00:00:01, memory = 794.06 (MB).
    Completing 80% with 28 violations.
    elapsed time = 00:00:01, memory = 795.06 (MB).
    Completing 90% with 28 violations.
    elapsed time = 00:00:01, memory = 795.06 (MB).
    Completing 100% with 11 violations.
    elapsed time = 00:00:02, memory = 795.77 (MB).
[INFO DRT-0199]   Number of violations = 11.
Viol/Layer      metal2
Short               11
[INFO DRT-0267] cpu time = 00:00:06, elapsed time = 00:00:02, memory = 794.22 (MB), peak = 1044.79 (MB)
Total wire length = 207942 um.
Total wire length on LAYER metal1 = 0 um.
Total wire length on LAYER metal2 = 66745 um.
Total wire length on LAYER metal3 = 86836 um.
Total wire length on LAYER metal4 = 32008 um.
Total wire length on LAYER metal5 = 16083 um.
Total wire length on LAYER metal6 = 5856 um.
Total wire length on LAYER metal7 = 330 um.
Total wire length on LAYER metal8 = 0 um.
Total wire length on LAYER metal9 = 82 um.
Total wire length on LAYER metal10 = 0 um.
Total number of vias = 107674.
Up-via summary (total 107674):

-----------------
 active         0
 metal1     47067
 metal2     50609
 metal3      7822
 metal4      1808
 metal5       350
 metal6        14
 metal7         2
 metal8         2
 metal9         0
-----------------
       107674


[INFO DRT-0195] Start 5th guides tiles iteration.
    Completing 50% with 11 violations.
    elapsed time = 00:00:00, memory = 794.22 (MB).
    Completing 100% with 0 violations.
    elapsed time = 00:00:00, memory = 794.22 (MB).
[INFO DRT-0199]   Number of violations = 0.
[INFO DRT-0267] cpu time = 00:00:00, elapsed time = 00:00:00, memory = 1044.30 (MB), peak = 1044.79 (MB)
Total wire length = 207943 um.
Total wire length on LAYER metal1 = 0 um.
Total wire length on LAYER metal2 = 66740 um.
Total wire length on LAYER metal3 = 86837 um.
Total wire length on LAYER metal4 = 32012 um.
Total wire length on LAYER metal5 = 16083 um.
Total wire length on LAYER metal6 = 5856 um.
Total wire length on LAYER metal7 = 330 um.
Total wire length on LAYER metal8 = 0 um.
Total wire length on LAYER metal9 = 82 um.
Total wire length on LAYER metal10 = 0 um.
Total number of vias = 107679.
Up-via summary (total 107679):

-----------------
 active         0
 metal1     47067
 metal2     50608
 metal3      7828
 metal4      1808
 metal5       350
 metal6        14
 metal7         2
 metal8         2
 metal9         0
-----------------
       107679


[INFO DRT-0198] Complete detail routing.
Total wire length = 207943 um.
Total wire length on LAYER metal1 = 0 um.
Total wire length on LAYER metal2 = 66740 um.
Total wire length on LAYER metal3 = 86837 um.
Total wire length on LAYER metal4 = 32012 um.
Total wire length on LAYER metal5 = 16083 um.
Total wire length on LAYER metal6 = 5856 um.
Total wire length on LAYER metal7 = 330 um.
Total wire length on LAYER metal8 = 0 um.
Total wire length on LAYER metal9 = 82 um.
Total wire length on LAYER metal10 = 0 um.
Total number of vias = 107679.
Up-via summary (total 107679):

-----------------
 active         0
 metal1     47067
 metal2     50608
 metal3      7828
 metal4      1808
 metal5       350
 metal6        14
 metal7         2
 metal8         2
 metal9         0
-----------------
       107679


[INFO DRT-0267] cpu time = 00:12:49, elapsed time = 00:03:45, memory = 1044.30 (MB), peak = 1044.79 (MB)

[INFO DRT-0180] Post processing.
[INFO DRT-0501] Runtime: 239.28s
Took 240 seconds: detailed_route -output_drc /work/flow/reports/nangate45/aes/base/5_route_drc.rpt -output_maze /work/flow/results/nangate45/aes/base/maze.log -droute_end_iter 64 -verbose 1 -drc_report_iter_step 5
[WARNING GRT-0246] No diode with LEF class CORE ANTENNACELL found.
[INFO ANT-0002] Found 0 net violations.
[INFO ANT-0001] Found 0 pin violations.
[INFO ANT-0002] Found 0 net violations.
[INFO ANT-0001] Found 0 pin violations.
Design area 16565 um^2 31% utilization.
write_db /work/flow/results/nangate45/aes/base/5_2_route.odb
Elapsed time: 4:03.39[h:]min:sec. CPU time: user 825.36 sys 2.62 (340%). Peak memory: 1146844KB.
Log                       Ext     Elapsed/s Peak Memory/MB sha1sum result [0:20)
5_2_route                 .odb          243           1119 35314f04b394cf9b0f31
/OpenROAD-flow-scripts/flow/scripts/flow.sh 5_3_fillcell fillcell
Running fillcell.tcl, stage 5_3_fillcell
read_liberty /OpenROAD-flow-scripts/flow/platforms/nangate45/lib/NangateOpenCellLibrary_typical.lib
read_db -hier /work/flow/results/nangate45/aes/base/5_2_route.odb
[WARNING ORD-0012] Hierarchical flow (-hier) is currently in development and may cause multiple issues. Do not use in production environments.
read_sdc /work/flow/results/nangate45/aes/base/5_1_grt.sdc
source /OpenROAD-flow-scripts/flow/platforms/nangate45/setRC.tcl
[WARNING STA-0450] virtual clock vclk_clk can not be propagated.
filler_placement "FILLCELL_X1 FILLCELL_X2 FILLCELL_X4 FILLCELL_X8 FILLCELL_X16 FILLCELL_X32"
[INFO DPL-0001] Placed 16311 filler instances.
Design area 16565 um^2 31% utilization.
write_db /work/flow/results/nangate45/aes/base/5_3_fillcell.odb
Elapsed time: 0:00.52[h:]min:sec. CPU time: user 0.42 sys 0.10 (99%). Peak memory: 158336KB.
Log                       Ext     Elapsed/s Peak Memory/MB sha1sum result [0:20)
5_3_fillcell              .odb            0            154 129f213566226727d6a1
cp /work/flow/results/nangate45/aes/base/5_3_fillcell.odb /work/flow/results/nangate45/aes/base/5_route.odb
cp /work/flow/results/nangate45/aes/base/5_1_grt.sdc /work/flow/results/nangate45/aes/base/5_route.sdc
/OpenROAD-flow-scripts/flow/scripts/flow.sh 6_1_fill density_fill
Running density_fill.tcl, stage 6_1_fill
read_liberty /OpenROAD-flow-scripts/flow/platforms/nangate45/lib/NangateOpenCellLibrary_typical.lib
read_db -hier /work/flow/results/nangate45/aes/base/5_route.odb
[WARNING ORD-0012] Hierarchical flow (-hier) is currently in development and may cause multiple issues. Do not use in production environments.
read_sdc /work/flow/results/nangate45/aes/base/5_route.sdc
source /OpenROAD-flow-scripts/flow/platforms/nangate45/setRC.tcl
exec cp /work/flow/results/nangate45/aes/base/5_route.odb /work/flow/results/nangate45/aes/base/6_1_fill.odb
Elapsed time: 0:00.41[h:]min:sec. CPU time: user 0.32 sys 0.09 (99%). Peak memory: 131712KB.
Log                       Ext     Elapsed/s Peak Memory/MB sha1sum result [0:20)
6_1_fill                  .odb            0            128 129f213566226727d6a1
cp /work/flow/results/nangate45/aes/base/5_route.sdc /work/flow/results/nangate45/aes/base/6_1_fill.sdc
/OpenROAD-flow-scripts/flow/scripts/flow.sh 6_report final_report
Running final_report.tcl, stage 6_report
read_liberty /OpenROAD-flow-scripts/flow/platforms/nangate45/lib/NangateOpenCellLibrary_typical.lib
read_db -hier /work/flow/results/nangate45/aes/base/6_1_fill.odb
[WARNING ORD-0012] Hierarchical flow (-hier) is currently in development and may cause multiple issues. Do not use in production environments.
read_sdc /work/flow/results/nangate45/aes/base/6_1_fill.sdc
source /OpenROAD-flow-scripts/flow/platforms/nangate45/setRC.tcl
[WARNING STA-0450] virtual clock vclk_clk can not be propagated.
write_db /work/flow/results/nangate45/aes/base/6_final.odb
write_sdc -no_timestamp /work/flow/results/nangate45/aes/base/6_final.sdc
Deleted 0 routing obstructions
Global output passed lec test
[INFO RCX-0431] Defined process_corner X with ext_model_index 0
[INFO RCX-0029] Defined extraction corner X
[INFO RCX-0435] Reading extraction model file /OpenROAD-flow-scripts/flow/platforms/nangate45/rcx_patterns.rules ...
[INFO RCX-0436] RC segment generation aes_cipher_top (max_merge_res 50.0) ...
[INFO RCX-0040] Final 60932 rc segments
[INFO RCX-0439] Coupling Cap extraction aes_cipher_top ...
[INFO RCX-0440] Coupling threshhold is 0.1000 fF, coupling capacitance less than 0.1000 fF will be grounded.
[INFO RCX-0442] 46% of 108107 wires extracted
[INFO RCX-0442] 100% of 108107 wires extracted
[INFO RCX-0045] Extract 13169 nets, 73544 rsegs, 73544 caps, 179836 ccs
[INFO RCX-0443] 13169 nets finished
[INFO PSM-0040] All shapes on net VDD are connected.
########## IR report #################
Net              : VDD
Corner           : default
Total power      : 1.59e-01 W
Supply voltage   : 1.10e+00 V
Worstcase voltage: 1.06e+00 V
Average voltage  : 1.08e+00 V
Average IR drop  : 2.04e-02 V
Worstcase IR drop: 3.97e-02 V
Percentage drop  : 3.61 %
######################################
[INFO PSM-0040] All shapes on net VSS are connected.
########## IR report #################
Net              : VSS
Corner           : default
Total power      : 1.59e-01 W
Supply voltage   : 0.00e+00 V
Worstcase voltage: 3.64e-02 V
Average voltage  : 1.78e-02 V
Average IR drop  : 1.78e-02 V
Worstcase IR drop: 3.64e-02 V
Percentage drop  : 3.31 %
######################################
Cell type report:                       Count       Area
  Fill cell                             16311   36219.62
  Tap cell                                411     109.33
  Clock buffer                            130     160.13
  Timing Repair Buffer                    832     750.65
  Inverter                                106      57.19
  Clock inverter                           63      46.55
  Sequential cell                         562    2541.36
  Multi-Input combinational cell        10738   12900.20
  Total                                 29153   52785.04
Report metrics stage 6, finish...

==========================================================================
finish report_design_area
--------------------------------------------------------------------------
Design area 16565 um^2 31% utilization.
[WARNING GUI-0010] File path does not end with a valid extension, new path is: /work/flow/reports/nangate45/aes/base/final_all.webp.png
[WARNING GUI-0010] File path does not end with a valid extension, new path is: /work/flow/reports/nangate45/aes/base/final_routing.webp.png
[WARNING GUI-0010] File path does not end with a valid extension, new path is: /work/flow/reports/nangate45/aes/base/final_placement.webp.png
[WARNING GUI-0010] File path does not end with a valid extension, new path is: /work/flow/reports/nangate45/aes/base/final_ir_drop.webp.png
[WARNING GUI-0010] File path does not end with a valid extension, new path is: /work/flow/reports/nangate45/aes/base/final_clocks.webp.png
[WARNING GUI-0010] File path does not end with a valid extension, new path is: /work/flow/reports/nangate45/aes/base/cts_default_clk.webp.png
[WARNING GUI-0010] File path does not end with a valid extension, new path is: /work/flow/reports/nangate45/aes/base/cts_default_clk_layout.webp.png
[WARNING GUI-0010] File path does not end with a valid extension, new path is: /work/flow/reports/nangate45/aes/base/final_resizer.webp.png
[WARNING GUI-0010] File path does not end with a valid extension, new path is: /work/flow/reports/nangate45/aes/base/final_congestion.webp.png
[WARNING GUI-0010] File path does not end with a valid extension, new path is: /work/flow/reports/nangate45/aes/base/final_worst_path.webp.png
Elapsed time: 0:13.94[h:]min:sec. CPU time: user 15.90 sys 0.82 (119%). Peak memory: 402648KB.
Log                       Ext     Elapsed/s Peak Memory/MB sha1sum result [0:20)
6_report                                 13            393                  N/A
cp /OpenROAD-flow-scripts/flow/platforms/nangate45/lef/NangateOpenCellLibrary.tech.lef /work/flow/objects/nangate45/aes/base/klayout_tech.lef
/usr/bin/python3 /OpenROAD-flow-scripts/flow/util/generate_klayout_tech.py \
	--template /OpenROAD-flow-scripts/flow/platforms/nangate45/FreePDK45.lyt \
	--output /work/flow/objects/nangate45/aes/base/klayout.lyt \
	--lef-files /work/flow/objects/nangate45/aes/base/klayout_tech.lef /OpenROAD-flow-scripts/flow/platforms/nangate45/lef/NangateOpenCellLibrary.macro.mod.lef   \
	--map-files 
/usr/bin/python3 /OpenROAD-flow-scripts/flow/scripts/run_command.py --log /work/flow/logs/nangate45/aes/base/6_1_merge.log --tee -- \
        /OpenROAD-flow-scripts/flow/scripts/klayout.sh -zz -rd design_name=aes_cipher_top \
        -rd in_def=/work/flow/results/nangate45/aes/base/6_final.def \
        -rd in_files="/OpenROAD-flow-scripts/flow/platforms/nangate45/gds/NangateOpenCellLibrary.gds  " \
        -rd seal_file="" \
        -rd out_file=/work/flow/results/nangate45/aes/base/6_1_merged.gds \
        -rd tech_file=/work/flow/objects/nangate45/aes/base/klayout.lyt \
        -rd layer_map= \
        -r /OpenROAD-flow-scripts/flow/util/def2stream.py
KLayout 0.30.12
Warning: DEF UNITS does not match reader DBU (DEF UNITS is 2000 and corresponds to a DBU of 0.0005, but reader DBU is set to 0.0001) (line=5, cell=, file=6_final.def)
[INFO] Reporting cells prior to loading DEF ...
	/OpenROAD-flow-scripts/flow/platforms/nangate45/gds/NangateOpenCellLibrary.gds
[INFO] GDS_ALLOW_EMPTY=fakeram.*
[INFO] All LEF cells have matching GDS/OAS cells
[INFO] No orphan cells in the final layout
Elapsed time: 0:02.43[h:]min:sec. CPU time: user 2.14 sys 0.27 (99%). Peak memory: 494076KB.
cp /work/flow/results/nangate45/aes/base/6_1_merged.gds /work/flow/results/nangate45/aes/base/6_final.gds
No elapsed time found in /work/flow/logs/nangate45/aes/base/6_final_lec_check.log
/work/flow/logs/nangate45/aes/base
Log                       Ext     Elapsed/s Peak Memory/MB sha1sum result [0:20)
1_1_yosys_canonicalize    .rtlil          0             45 581fe7302930a6b1f0db
1_2_yosys                 .v             38             71 be43f0fc4f4275298cae
1_2_yosys                 .sdc                             5b0a90917518bb711832
1_synth                   .odb            0            121 7b03ed82cb13b5fb216e
1_synth                   .sdc                             573462c66ec126058b02
2_1_floorplan             .odb            2            174 0f2112174b6f0e931bdf
2_1_floorplan             .sdc                             573462c66ec126058b02
2_2_floorplan_macro       .odb            0            107 0f2112174b6f0e931bdf
2_3_floorplan_tapcell     .odb            0            106 37227ab16d48762fe208
2_4_floorplan_pdn         .odb            0            112 c67b756035807379815a
3_1_place_gp_skip_io      .odb            0            106 c67b756035807379815a
3_2_place_iop             .odb            0             77 c67b756035807379815a
3_3_place_gp              .odb           15            481 45faa1bd85c9f52298fd
3_4_place_resized         .odb            4            197 6b6fe78ece867d37932b
3_5_place_dp              .odb            7            188 781388922484cf313c18
4_1_cts                   .odb            8            312 ba78b3a5110868fafa06
5_1_grt                   .odb           17            421 e6d48db1ac542d418d6b
5_1_grt                   .sdc                             a1b0a5186e0800bc1b7a
5_2_route                 .odb          243           1119 35314f04b394cf9b0f31
5_3_fillcell              .odb            0            154 129f213566226727d6a1
6_1_fill                  .odb            0            128 129f213566226727d6a1
6_1_fill                  .sdc                             a1b0a5186e0800bc1b7a
6_1_merge                                 2            482                  N/A
6_report                                 13            393                  N/A
Total                                   349           1119                     
